Year,Month,Min_Temp,Max_Temp,Affect_days,RainFall_mm,Sun_Hours,Estimated_data_ind,SunshineData_Source,Provisional_Ind,Location,Latitude,Longitude
1941,1,0,0,0,74.7,0,N,Campbell Stokes recorder,N,224100E 252100N,52.139,-4.57
1941,2,0,0,0,69.1,0,N,Campbell Stokes recorder,N,224100E 252100N,52.139,-4.57
1941,3,0,0,0,76.2,0,N,Campbell Stokes recorder,N,224100E 252100N,52.139,-4.57
1941,4,0,0,0,33.7,0,N,Campbell Stokes recorder,N,224100E 252100N,52.139,-4.57
1941,5,0,0,0,51.3,0,N,Campbell Stokes recorder,N,224100E 252100N,52.139,-4.57
1941,6,0,0,0,25.7,0,N,Campbell Stokes recorder,N,224100E 252100N,52.139,-4.57
1941,7,0,0,0,53.9,0,N,Campbell Stokes recorder,N,224100E 252100N,52.139,-4.57
1941,8,0,0,0,91.8,0,N,Campbell Stokes recorder,N,224100E 252100N,52.139,-4.57
1941,9,0,0,0,25.5,0,N,Campbell Stokes recorder,N,224100E 252100N,52.139,-4.57
1941,10,0,0,0,106.2,0,N,Campbell Stokes recorder,N,224100E 252100N,52.139,-4.57
1941,11,0,0,0,92.3,0,N,Campbell Stokes recorder,N,224100E 252100N,52.139,-4.57
1941,12,0,0,0,86.5,0,N,Campbell Stokes recorder,N,224100E 252100N,52.139,-4.57
1942,1,5.8,2.1,0,114,58,N,Campbell Stokes recorder,N,224100E 252100N,52.139,-4.57
1942,2,4.2,-0.6,0,13.8,80.3,N,Campbell Stokes recorder,N,224100E 252100N,52.139,-4.57
1942,3,9.7,3.7,0,58,117.9,N,Campbell Stokes recorder,N,224100E 252100N,52.139,-4.57
1942,4,13.1,5.3,0,42.5,200.1,N,Campbell Stokes recorder,N,224100E 252100N,52.139,-4.57
1942,5,14,6.9,0,101.1,215.1,N,Campbell Stokes recorder,N,224100E 252100N,52.139,-4.57
1942,6,16.2,9.9,0,2.3,269.3,N,Campbell Stokes recorder,N,224100E 252100N,52.139,-4.57
1942,7,17.4,11.3,0,70.2,185,N,Campbell Stokes recorder,N,224100E 252100N,52.139,-4.57
1942,8,18.7,12.3,0,78.5,141.9,N,Campbell Stokes recorder,N,224100E 252100N,52.139,-4.57
1942,9,16.4,10.7,0,146.8,129.1,N,Campbell Stokes recorder,N,224100E 252100N,52.139,-4.57
1942,10,13.1,8.2,0,131.1,82.1,N,Campbell Stokes recorder,N,224100E 252100N,52.139,-4.57
1942,11,9.2,4.6,0,19.8,62.9,N,Campbell Stokes recorder,N,224100E 252100N,52.139,-4.57
1942,12,9.6,6.2,0,183.9,31.4,N,Campbell Stokes recorder,N,224100E 252100N,52.139,-4.57
1943,1,8.2,3.5,0,176.7,41.4,N,Campbell Stokes recorder,N,224100E 252100N,52.139,-4.57
1943,2,8.9,4.6,0,65.4,68.6,N,Campbell Stokes recorder,N,224100E 252100N,52.139,-4.57
1943,3,10.2,4.1,0,21,156.2,N,Campbell Stokes recorder,N,224100E 252100N,52.139,-4.57
1943,4,13,6.8,0,39.4,178.3,N,Campbell Stokes recorder,N,224100E 252100N,52.139,-4.57
1943,5,14.1,7.4,0,83.5,233.3,N,Campbell Stokes recorder,N,224100E 252100N,52.139,-4.57
1943,6,15.9,9.8,0,58.7,223.8,N,Campbell Stokes recorder,N,224100E 252100N,52.139,-4.57
1943,7,18.6,11.7,0,57.3,240.5,N,Campbell Stokes recorder,N,224100E 252100N,52.139,-4.57
1943,8,18.1,12,0,86.5,148,N,Campbell Stokes recorder,N,224100E 252100N,52.139,-4.57
1943,9,15.8,10,0,127.1,110.6,N,Campbell Stokes recorder,N,224100E 252100N,52.139,-4.57
1943,10,13.6,8.3,0,120.3,93.7,N,Campbell Stokes recorder,N,224100E 252100N,52.139,-4.57
1943,11,9.7,5.9,0,93,47.4,N,Campbell Stokes recorder,N,224100E 252100N,52.139,-4.57
1943,12,6.9,2.7,0,63.6,75.3,N,Campbell Stokes recorder,N,224100E 252100N,52.139,-4.57
1944,1,9.2,5.8,0,87.9,23.7,N,Campbell Stokes recorder,N,224100E 252100N,52.139,-4.57
1944,2,6.5,3.1,0,34,72.5,N,Campbell Stokes recorder,N,224100E 252100N,52.139,-4.57
1944,3,8.6,3.1,0,17,153.2,N,Campbell Stokes recorder,N,224100E 252100N,52.139,-4.57
1944,4,12.7,6.6,0,44.9,157.1,N,Campbell Stokes recorder,N,224100E 252100N,52.139,-4.57
1944,5,13.8,7,0,37.2,242.3,N,Campbell Stokes recorder,N,224100E 252100N,52.139,-4.57
1944,6,15.4,9.9,0,53.2,182.2,N,Campbell Stokes recorder,N,224100E 252100N,52.139,-4.57
1944,7,18.2,12.6,0,54.5,112.7,N,Campbell Stokes recorder,N,224100E 252100N,52.139,-4.57
1944,8,19.7,12.8,0,100.2,220.9,N,Campbell Stokes recorder,N,224100E 252100N,52.139,-4.57
1944,9,15.7,10.3,0,80.7,132.7,N,Campbell Stokes recorder,N,224100E 252100N,52.139,-4.57
1944,10,12.1,7.8,0,131.9,91,N,Campbell Stokes recorder,N,224100E 252100N,52.139,-4.57
1944,11,9.5,5.8,0,156.2,28.9,N,Campbell Stokes recorder,N,224100E 252100N,52.139,-4.57
1944,12,7.7,4.3,0,71.9,58.5,N,Campbell Stokes recorder,N,224100E 252100N,52.139,-4.57
1945,1,4.5,1.3,0,58.8,58.1,N,Campbell Stokes recorder,N,224100E 252100N,52.139,-4.57
1945,2,9.6,5.1,0,110.7,80.4,N,Campbell Stokes recorder,N,224100E 252100N,52.139,-4.57
1945,3,10.4,5.2,0,34.3,124.1,N,Campbell Stokes recorder,N,224100E 252100N,52.139,-4.57
1945,4,13.3,6.6,0,55.1,205.1,N,Campbell Stokes recorder,N,224100E 252100N,52.139,-4.57
1945,5,14.3,8.3,0,82.8,166.3,N,Campbell Stokes recorder,N,224100E 252100N,52.139,-4.57
1945,6,16.5,10.2,0,68.5,193.7,N,Campbell Stokes recorder,N,224100E 252100N,52.139,-4.57
1945,7,17.4,12.2,0,130.6,130,N,Campbell Stokes recorder,N,224100E 252100N,52.139,-4.57
1945,8,18.1,11.9,0,41.9,164.2,N,Campbell Stokes recorder,N,224100E 252100N,52.139,-4.57
1945,9,17.1,11.3,0,61.2,101,N,Campbell Stokes recorder,N,224100E 252100N,52.139,-4.57
1945,10,15.2,9.1,0,66.9,117.5,N,Campbell Stokes recorder,N,224100E 252100N,52.139,-4.57
1945,11,10.7,5.6,0,34.7,78.4,N,Campbell Stokes recorder,N,224100E 252100N,52.139,-4.57
1945,12,8.9,5.1,0,116.2,36.1,N,Campbell Stokes recorder,N,224100E 252100N,52.139,-4.57
1946,1,6.9,2.2,0,138,67.6,N,Campbell Stokes recorder,N,224100E 252100N,52.139,-4.57
1946,2,8.2,4.9,0,78.6,53,N,Campbell Stokes recorder,N,224100E 252100N,52.139,-4.57
1946,3,8.7,2.6,0,28.9,146.9,N,Campbell Stokes recorder,N,224100E 252100N,52.139,-4.57
1946,4,12.8,6.3,0,30.9,192.2,N,Campbell Stokes recorder,N,224100E 252100N,52.139,-4.57
1946,5,14.1,6.7,0,59.3,236.5,N,Campbell Stokes recorder,N,224100E 252100N,52.139,-4.57
1946,6,14.6,8.8,0,79.4,197.5,N,Campbell Stokes recorder,N,224100E 252100N,52.139,-4.57
1946,7,17.1,11.2,0,62.6,186.8,N,Campbell Stokes recorder,N,224100E 252100N,52.139,-4.57
1946,8,16.3,11,0,121.6,159.9,N,Campbell Stokes recorder,N,224100E 252100N,52.139,-4.57
1946,9,16.3,11.3,0,103.1,105.7,N,Campbell Stokes recorder,N,224100E 252100N,52.139,-4.57
1946,10,0,8.2,0,40.9,106.8,N,Campbell Stokes recorder,N,224100E 252100N,52.139,-4.57
1946,11,0,7.6,0,152.3,47.8,N,Campbell Stokes recorder,N,224100E 252100N,52.139,-4.57
1946,12,7.2,3.1,0,106.6,56.7,N,Campbell Stokes recorder,N,224100E 252100N,52.139,-4.57
1947,1,5.8,1.4,0,122.9,78,N,Campbell Stokes recorder,N,224100E 252100N,52.139,-4.57
1947,2,0,-2.7,0,53.9,50,N,Campbell Stokes recorder,N,224100E 252100N,52.139,-4.57
1947,3,0,2.2,0,191.1,80.3,N,Campbell Stokes recorder,N,224100E 252100N,52.139,-4.57
1947,4,0,5.1,0,85.6,162.1,N,Campbell Stokes recorder,N,224100E 252100N,52.139,-4.57
1947,5,13.9,8,0,99.1,201.2,N,Campbell Stokes recorder,N,224100E 252100N,52.139,-4.57
1947,6,17,10.4,0,67.4,161.5,N,Campbell Stokes recorder,N,224100E 252100N,52.139,-4.57
1947,7,17.4,11.7,0,52.8,158.9,N,Campbell Stokes recorder,N,224100E 252100N,52.139,-4.57
1947,8,21.4,13.2,0,20.2,278.3,N,Campbell Stokes recorder,N,224100E 252100N,52.139,-4.57
1947,9,17.5,11.4,0,69.5,130.1,N,Campbell Stokes recorder,N,224100E 252100N,52.139,-4.57
1947,10,14.2,8,0,29.9,136.9,N,Campbell Stokes recorder,N,224100E 252100N,52.139,-4.57
1947,11,10.1,6.5,0,100.1,54.3,N,Campbell Stokes recorder,N,224100E 252100N,52.139,-4.57
1947,12,7.7,4.9,0,92.9,29.7,N,Campbell Stokes recorder,N,224100E 252100N,52.139,-4.57
1948,1,8.2,4.6,0,167.5,48.7,N,Campbell Stokes recorder,N,224100E 252100N,52.139,-4.57
1948,2,7.4,2.9,0,56.8,89.6,N,Campbell Stokes recorder,N,224100E 252100N,52.139,-4.57
1948,3,13.5,5.8,0,51.9,188.9,N,Campbell Stokes recorder,N,224100E 252100N,52.139,-4.57
1948,4,11.4,4.8,0,36.4,213.7,N,Campbell Stokes recorder,N,224100E 252100N,52.139,-4.57
1948,5,14.2,6.7,0,44.7,297.5,N,Campbell Stokes recorder,N,224100E 252100N,52.139,-4.57
1948,6,14.7,9.8,0,59.4,145,N,Campbell Stokes recorder,N,224100E 252100N,52.139,-4.57
1948,7,16.9,11.6,0,103.1,144.1,N,Campbell Stokes recorder,N,224100E 252100N,52.139,-4.57
1948,8,17,11.8,0,102.4,146.7,N,Campbell Stokes recorder,N,224100E 252100N,52.139,-4.57
1948,9,15.7,11.1,0,77.9,111.5,N,Campbell Stokes recorder,N,224100E 252100N,52.139,-4.57
1948,10,13.3,8.5,0,87.4,93.6,N,Campbell Stokes recorder,N,224100E 252100N,52.139,-4.57
1948,11,11.5,6.9,0,95.6,78.6,N,Campbell Stokes recorder,N,224100E 252100N,52.139,-4.57
1948,12,8.5,4.2,0,175.9,87.2,N,Campbell Stokes recorder,N,224100E 252100N,52.139,-4.57
1949,1,8.6,5,0,44,60,N,Campbell Stokes recorder,N,224100E 252100N,52.139,-4.57
1949,2,8.7,4.4,0,36.6,105,N,Campbell Stokes recorder,N,224100E 252100N,52.139,-4.57
1949,3,8.7,3.3,0,44.4,158.8,N,Campbell Stokes recorder,N,224100E 252100N,52.139,-4.57
1949,4,0,6.7,0,74.8,161.9,N,Campbell Stokes recorder,N,224100E 252100N,52.139,-4.57
1949,5,13.4,6.6,0,67.9,247.2,N,Campbell Stokes recorder,N,224100E 252100N,52.139,-4.57
1949,6,17.4,11.3,0,24.6,286.1,N,Campbell Stokes recorder,N,224100E 252100N,52.139,-4.57
1949,7,19.9,12.5,0,45,267.5,N,Campbell Stokes recorder,N,224100E 252100N,52.139,-4.57
1949,8,19,12.8,0,59.1,202.3,N,Campbell Stokes recorder,N,224100E 252100N,52.139,-4.57
1949,9,19.5,12.5,0,28.3,188.4,N,Campbell Stokes recorder,N,224100E 252100N,52.139,-4.57
1949,10,15.2,9.9,0,181.1,83.8,N,Campbell Stokes recorder,N,224100E 252100N,52.139,-4.57
1949,11,10.2,6.1,0,147.6,63.8,N,Campbell Stokes recorder,N,224100E 252100N,52.139,-4.57
1949,12,8.7,5.4,0,115.3,40.1,N,Campbell Stokes recorder,N,224100E 252100N,52.139,-4.57
1950,1,7.3,3.2,0,29.9,66.6,N,Campbell Stokes recorder,N,224100E 252100N,52.139,-4.57
1950,2,8.3,3.9,0,176.7,50.2,N,Campbell Stokes recorder,N,224100E 252100N,52.139,-4.57
1950,3,10.8,4.8,0,57.5,147.7,N,Campbell Stokes recorder,N,224100E 252100N,52.139,-4.57
1950,4,10.3,5.3,0,84.9,137.8,N,Campbell Stokes recorder,N,224100E 252100N,52.139,-4.57
1950,5,14.7,7.6,0,60.5,243,N,Campbell Stokes recorder,N,224100E 252100N,52.139,-4.57
1950,6,17.9,11.2,0,40.3,249.5,N,Campbell Stokes recorder,N,224100E 252100N,52.139,-4.57
1950,7,17.9,12,0,63.4,190.2,N,Campbell Stokes recorder,N,224100E 252100N,52.139,-4.57
1950,8,17.4,11.5,0,158.2,165.8,N,Campbell Stokes recorder,N,224100E 252100N,52.139,-4.57
1950,9,15.3,10.7,0,208.8,100.7,N,Campbell Stokes recorder,N,224100E 252100N,52.139,-4.57
1950,10,12.9,8,0,91.9,108.1,N,Campbell Stokes recorder,N,224100E 252100N,52.139,-4.57
1950,11,9.1,4.8,0,170.3,69.5,N,Campbell Stokes recorder,N,224100E 252100N,52.139,-4.57
1950,12,4.7,1.7,0,119.5,33.3,N,Campbell Stokes recorder,N,224100E 252100N,52.139,-4.57
1951,1,6.7,3.2,0,89.3,49.7,N,Campbell Stokes recorder,N,224100E 252100N,52.139,-4.57
1951,2,6.4,2,0,92.9,92.8,N,Campbell Stokes recorder,N,224100E 252100N,52.139,-4.57
1951,3,6.9,2.2,0,112.6,87.9,N,Campbell Stokes recorder,N,224100E 252100N,52.139,-4.57
1951,4,9.6,3.7,0,77.1,196.6,N,Campbell Stokes recorder,N,224100E 252100N,52.139,-4.57
1951,5,12.5,6.3,0,65.7,188.7,N,Campbell Stokes recorder,N,224100E 252100N,52.139,-4.57
1951,6,16.3,9.4,0,27.1,246.3,N,Campbell Stokes recorder,N,224100E 252100N,52.139,-4.57
1951,7,18.3,11.8,0,78,227.3,N,Campbell Stokes recorder,N,224100E 252100N,52.139,-4.57
1951,8,16.9,11.3,0,136.5,154,N,Campbell Stokes recorder,N,224100E 252100N,52.139,-4.57
1951,9,16.4,11.8,0,112.1,78.3,N,Campbell Stokes recorder,N,224100E 252100N,52.139,-4.57
1951,10,13.6,8.1,0,35.3,132.8,N,Campbell Stokes recorder,N,224100E 252100N,52.139,-4.57
1951,11,11,7.2,0,168.8,59.1,N,Campbell Stokes recorder,N,224100E 252100N,52.139,-4.57
1951,12,8.7,5.4,0,141.6,51.8,N,Campbell Stokes recorder,N,224100E 252100N,52.139,-4.57
1952,1,6.2,2.8,0,122.6,63.8,N,Campbell Stokes recorder,N,224100E 252100N,52.139,-4.57
1952,2,6.9,2.2,0,36.3,89.2,N,Campbell Stokes recorder,N,224100E 252100N,52.139,-4.57
1952,3,9.4,4.7,0,49.1,112.7,N,Campbell Stokes recorder,N,224100E 252100N,52.139,-4.57
1952,4,12.3,5.6,0,80.6,146.6,N,Campbell Stokes recorder,N,224100E 252100N,52.139,-4.57
1952,5,15.2,8.9,0,112.7,203.6,N,Campbell Stokes recorder,N,224100E 252100N,52.139,-4.57
1952,6,15.8,9.9,0,87,202.4,N,Campbell Stokes recorder,N,224100E 252100N,52.139,-4.57
1952,7,18.6,12.4,0,49.1,170.5,N,Campbell Stokes recorder,N,224100E 252100N,52.139,-4.57
1952,8,17.9,12.1,0,121.5,176.3,N,Campbell Stokes recorder,N,224100E 252100N,52.139,-4.57
1952,9,14.2,8.8,0,113.1,147.3,N,Campbell Stokes recorder,N,224100E 252100N,52.139,-4.57
1952,10,12.5,8,0,115.7,116.9,N,Campbell Stokes recorder,N,224100E 252100N,52.139,-4.57
1952,11,7.8,4.3,0,93,64.9,N,Campbell Stokes recorder,N,224100E 252100N,52.139,-4.57
1952,12,6.9,3.1,0,96.1,56.4,N,Campbell Stokes recorder,N,224100E 252100N,52.139,-4.57
1953,1,6.8,2.9,0,43.1,56.2,N,Campbell Stokes recorder,N,224100E 252100N,52.139,-4.57
1953,2,7.4,2.8,0,46.6,55.1,N,Campbell Stokes recorder,N,224100E 252100N,52.139,-4.57
1953,3,9.8,2.4,0,60,165.9,N,Campbell Stokes recorder,N,224100E 252100N,52.139,-4.57
1953,4,10.2,4,0,66.8,213.4,N,Campbell Stokes recorder,N,224100E 252100N,52.139,-4.57
1953,5,15.2,8.6,0,55.1,228.8,N,Campbell Stokes recorder,N,224100E 252100N,52.139,-4.57
1953,6,15.7,9.6,0,58.7,221.6,N,Campbell Stokes recorder,N,224100E 252100N,52.139,-4.57
1953,7,17.2,11.7,0,60.5,217.1,N,Campbell Stokes recorder,N,224100E 252100N,52.139,-4.57
1953,8,18.3,12.2,0,83.5,201.8,N,Campbell Stokes recorder,N,224100E 252100N,52.139,-4.57
1953,9,16.2,11.2,0,110.3,148.7,N,Campbell Stokes recorder,N,224100E 252100N,52.139,-4.57
1953,10,13.6,7.8,0,82,126.9,N,Campbell Stokes recorder,N,224100E 252100N,52.139,-4.57
1953,11,11.2,7.4,0,126.5,63.3,N,Campbell Stokes recorder,N,224100E 252100N,52.139,-4.57
1953,12,10.1,7,0,42.6,48.6,N,Campbell Stokes recorder,N,224100E 252100N,52.139,-4.57
1954,1,6.3,2.9,0,78.6,69.3,N,Campbell Stokes recorder,N,224100E 252100N,52.139,-4.57
1954,2,6.4,1.5,0,72.8,93,N,Campbell Stokes recorder,N,224100E 252100N,52.139,-4.57
1954,3,9.1,3.8,0,83.2,134.8,N,Campbell Stokes recorder,N,224100E 252100N,52.139,-4.57
1954,4,11.3,4.2,0,21.7,237,N,Campbell Stokes recorder,N,224100E 252100N,52.139,-4.57
1954,5,13.3,7.6,0,83.4,160.7,N,Campbell Stokes recorder,N,224100E 252100N,52.139,-4.57
1954,6,15.3,9.7,0,86.2,181.9,N,Campbell Stokes recorder,N,224100E 252100N,52.139,-4.57
1954,7,15.8,11.1,0,64.2,126.3,N,Campbell Stokes recorder,N,224100E 252100N,52.139,-4.57
1954,8,16.1,11.2,0,83.4,149.7,N,Campbell Stokes recorder,N,224100E 252100N,52.139,-4.57
1954,9,15.3,10.2,0,90.1,171.7,N,Campbell Stokes recorder,N,224100E 252100N,52.139,-4.57
1954,10,14.1,10.3,0,189.1,55,N,Campbell Stokes recorder,N,224100E 252100N,52.139,-4.57
1954,11,10.4,5.9,0,232.3,58.4,N,Campbell Stokes recorder,N,224100E 252100N,52.139,-4.57
1954,12,9.2,6.2,0,102.2,42.5,N,Campbell Stokes recorder,N,224100E 252100N,52.139,-4.57
1955,1,6.1,2.4,0,70.2,46.7,N,Campbell Stokes recorder,N,224100E 252100N,52.139,-4.57
1955,2,4.6,0.2,0,48.6,88.1,N,Campbell Stokes recorder,N,224100E 252100N,52.139,-4.57
1955,3,6.9,0.5,0,83.5,195.8,N,Campbell Stokes recorder,N,224100E 252100N,52.139,-4.57
1955,4,11.9,5.4,0,59.9,186.3,N,Campbell Stokes recorder,N,224100E 252100N,52.139,-4.57
1955,5,12.6,6.9,0,70.1,207.6,N,Campbell Stokes recorder,N,224100E 252100N,52.139,-4.57
1955,6,16.5,10.9,0,94.1,189.3,N,Campbell Stokes recorder,N,224100E 252100N,52.139,-4.57
1955,7,19.2,11.6,0,14.7,342.1,N,Campbell Stokes recorder,N,224100E 252100N,52.139,-4.57
1955,8,21.3,14,0,29.9,240.6,N,Campbell Stokes recorder,N,224100E 252100N,52.139,-4.57
1955,9,17.2,11.6,0,58.9,170.6,N,Campbell Stokes recorder,N,224100E 252100N,52.139,-4.57
1955,10,12.9,8,0,72,122.4,N,Campbell Stokes recorder,N,224100E 252100N,52.139,-4.57
1955,11,10.3,5.2,0,55.7,94.2,N,Campbell Stokes recorder,N,224100E 252100N,52.139,-4.57
1955,12,9.1,5.6,0,130.2,35.7,N,Campbell Stokes recorder,N,224100E 252100N,52.139,-4.57
1956,1,7.1,3.6,0,102,52.3,N,Campbell Stokes recorder,N,224100E 252100N,52.139,-4.57
1956,2,3.4,-1.8,0,18.9,113.4,N,Campbell Stokes recorder,N,224100E 252100N,52.139,-4.57
1956,3,10.6,3.9,0,33.4,189.4,N,Campbell Stokes recorder,N,224100E 252100N,52.139,-4.57
1956,4,10.6,3.8,0,24.2,179.9,N,Campbell Stokes recorder,N,224100E 252100N,52.139,-4.57
1956,5,14.5,7.7,0,25.7,262.5,N,Campbell Stokes recorder,N,224100E 252100N,52.139,-4.57
1956,6,15,9.3,0,56.6,216.8,N,Campbell Stokes recorder,N,224100E 252100N,52.139,-4.57
1956,7,17.6,12,0,82.8,193.8,N,Campbell Stokes recorder,N,224100E 252100N,52.139,-4.57
1956,8,15.7,10.7,0,103.2,181.7,N,Campbell Stokes recorder,N,224100E 252100N,52.139,-4.57
1956,9,16.9,11.9,0,107.8,93.4,N,Campbell Stokes recorder,N,224100E 252100N,52.139,-4.57
1956,10,12.7,8.2,0,42.8,113.4,N,Campbell Stokes recorder,N,224100E 252100N,52.139,-4.57
1956,11,9.1,6,0,66,48.8,N,Campbell Stokes recorder,N,224100E 252100N,52.139,-4.57
1956,12,8.5,5.4,0,114.6,33.8,N,Campbell Stokes recorder,N,224100E 252100N,52.139,-4.57
1957,1,8.6,3.9,2,80.6,55.6,N,Campbell Stokes recorder,N,224100E 252100N,52.139,-4.57
1957,2,8.5,3.2,2,85.1,105.2,N,Campbell Stokes recorder,N,224100E 252100N,52.139,-4.57
1957,3,12.2,7.4,0,83.1,98.3,N,Campbell Stokes recorder,N,224100E 252100N,52.139,-4.57
1957,4,11.3,6.2,0,7.4,181.1,N,Campbell Stokes recorder,N,224100E 252100N,52.139,-4.57
1957,5,13.6,7.4,0,54.1,268.7,N,Campbell Stokes recorder,N,224100E 252100N,52.139,-4.57
1957,6,18.2,10.6,0,48.5,327,N,Campbell Stokes recorder,N,224100E 252100N,52.139,-4.57
1957,7,17.7,12.7,0,123.2,142.8,N,Campbell Stokes recorder,N,224100E 252100N,52.139,-4.57
1957,8,17.7,12.5,0,52.3,153.4,N,Campbell Stokes recorder,N,224100E 252100N,52.139,-4.57
1957,9,15.3,11.1,0,187.7,108.3,N,Campbell Stokes recorder,N,224100E 252100N,52.139,-4.57
1957,10,13.8,9.3,0,101.2,77.4,N,Campbell Stokes recorder,N,224100E 252100N,52.139,-4.57
1957,11,9.2,5.1,1,59,63,N,Campbell Stokes recorder,N,224100E 252100N,52.139,-4.57
1957,12,8.4,3.3,3,76.5,66.7,N,Campbell Stokes recorder,N,224100E 252100N,52.139,-4.57
1958,1,7.7,3.2,7,100.2,50.9,N,Campbell Stokes recorder,N,224100E 252100N,52.139,-4.57
1958,2,8.4,3.7,2,100.7,57.3,N,Campbell Stokes recorder,N,224100E 252100N,52.139,-4.57
1958,3,7.6,1.7,8,21.1,128.8,N,Campbell Stokes recorder,N,224100E 252100N,52.139,-4.57
1958,4,10.6,4.6,4,17.8,169,N,Campbell Stokes recorder,N,224100E 252100N,52.139,-4.57
1958,5,13.4,7.8,0,95.3,190.8,N,Campbell Stokes recorder,N,224100E 252100N,52.139,-4.57
1958,6,16,10,0,86.9,203.3,N,Campbell Stokes recorder,N,224100E 252100N,52.139,-4.57
1958,7,17.1,11.7,0,113.7,161.5,N,Campbell Stokes recorder,N,224100E 252100N,52.139,-4.57
1958,8,17.2,12.7,0,108,122.2,N,Campbell Stokes recorder,N,224100E 252100N,52.139,-4.57
1958,9,17.6,12.1,0,184.5,141.5,N,Campbell Stokes recorder,N,224100E 252100N,52.139,-4.57
1958,10,13.1,9,0,94.5,80.5,N,Campbell Stokes recorder,N,224100E 252100N,52.139,-4.57
1958,11,10.4,5.8,0,73.6,52.9,N,Campbell Stokes recorder,N,224100E 252100N,52.139,-4.57
1958,12,8.3,3.8,1,82.8,47.1,N,Campbell Stokes recorder,N,224100E 252100N,52.139,-4.57
1959,1,6.4,2.1,5,118,72.1,N,Campbell Stokes recorder,N,224100E 252100N,52.139,-4.57
1959,2,8.8,2.9,6,10.8,94.5,N,Campbell Stokes recorder,N,224100E 252100N,52.139,-4.57
1959,3,10.1,5.2,0,94.1,113.1,N,Campbell Stokes recorder,N,224100E 252100N,52.139,-4.57
1959,4,11.5,6.4,0,84,155.6,N,Campbell Stokes recorder,N,224100E 252100N,52.139,-4.57
1959,5,15.5,8.9,0,46.2,255.1,N,Campbell Stokes recorder,N,224100E 252100N,52.139,-4.57
1959,6,17.3,10.9,0,34.9,284.4,N,Campbell Stokes recorder,N,224100E 252100N,52.139,-4.57
1959,7,19.1,12.7,0,55.5,243.8,N,Campbell Stokes recorder,N,224100E 252100N,52.139,-4.57
1959,8,19.1,13,0,17.2,214.7,N,Campbell Stokes recorder,N,224100E 252100N,52.139,-4.57
1959,9,19.6,11.5,0,8.9,217.4,N,Campbell Stokes recorder,N,224100E 252100N,52.139,-4.57
1959,10,16.2,10.8,0,157.4,114.1,N,Campbell Stokes recorder,N,224100E 252100N,52.139,-4.57
1959,11,10.5,6.6,0,229.9,46.9,N,Campbell Stokes recorder,N,224100E 252100N,52.139,-4.57
1959,12,9.1,4.9,0,148.9,35.4,N,Campbell Stokes recorder,N,224100E 252100N,52.139,-4.57
1960,1,7.9,3.4,4,131,58.7,N,Campbell Stokes recorder,N,224100E 252100N,52.139,-4.57
1960,2,7.1,2.3,5,112.5,75.5,N,Campbell Stokes recorder,N,224100E 252100N,52.139,-4.57
1960,3,10,4.2,0,58.3,110.8,N,Campbell Stokes recorder,N,224100E 252100N,52.139,-4.57
1960,4,10.9,5.6,0,92.1,187.7,N,Campbell Stokes recorder,N,224100E 252100N,52.139,-4.57
1960,5,15.5,9.2,0,46.9,199.2,N,Campbell Stokes recorder,N,224100E 252100N,52.139,-4.57
1960,6,18,11.6,0,43.4,245.7,N,Campbell Stokes recorder,N,224100E 252100N,52.139,-4.57
1960,7,17,11.9,0,89.4,165,N,Campbell Stokes recorder,N,224100E 252100N,52.139,-4.57
1960,8,17,12,0,98.5,169.9,N,Campbell Stokes recorder,N,224100E 252100N,52.139,-4.57
1960,9,15.7,10.6,0,138.4,135.2,N,Campbell Stokes recorder,N,224100E 252100N,52.139,-4.57
1960,10,13,8.4,0,150.8,73.9,N,Campbell Stokes recorder,N,224100E 252100N,52.139,-4.57
1960,11,10.3,5.8,0,204.7,49.3,N,Campbell Stokes recorder,N,224100E 252100N,52.139,-4.57
1960,12,7.3,2.8,6,126.1,66.7,N,Campbell Stokes recorder,N,224100E 252100N,52.139,-4.57
1961,1,7.2,2.3,7,117.5,37.5,N,Campbell Stokes recorder,N,224100E 252100N,52.139,-4.57
1961,2,9.5,5.6,0,72.2,51.9,N,Campbell Stokes recorder,N,224100E 252100N,52.139,-4.57
1961,3,11,5.7,0,14.6,118.3,N,Campbell Stokes recorder,N,224100E 252100N,52.139,-4.57
1961,4,12.4,6.7,0,120.1,123.1,N,Campbell Stokes recorder,N,224100E 252100N,52.139,-4.57
1961,5,13.8,7.7,0,40,244.5,N,Campbell Stokes recorder,N,224100E 252100N,52.139,-4.57
1961,6,16.7,10.2,0,33.2,230.3,N,Campbell Stokes recorder,N,224100E 252100N,52.139,-4.57
1961,7,16.9,11.6,0,50.3,185.8,N,Campbell Stokes recorder,N,224100E 252100N,52.139,-4.57
1961,8,17.6,12.1,0,100.1,170.2,N,Campbell Stokes recorder,N,224100E 252100N,52.139,-4.57
1961,9,17.7,11.9,0,112.9,136.6,N,Campbell Stokes recorder,N,224100E 252100N,52.139,-4.57
1961,10,13.4,8.5,0,173.8,83.3,N,Campbell Stokes recorder,N,224100E 252100N,52.139,-4.57
1961,11,9.5,5.1,0,63.5,59.6,N,Campbell Stokes recorder,N,224100E 252100N,52.139,-4.57
1961,12,6.5,1.7,15,73.2,87.8,N,Campbell Stokes recorder,N,224100E 252100N,52.139,-4.57
1962,1,7.8,2.8,4,113.3,59.5,N,Campbell Stokes recorder,N,224100E 252100N,52.139,-4.57
1962,2,7.4,3.2,5,28.9,58.3,N,Campbell Stokes recorder,N,224100E 252100N,52.139,-4.57
1962,3,6.4,0.5,14,37.6,140.2,N,Campbell Stokes recorder,N,224100E 252100N,52.139,-4.57
1962,4,10.3,4.4,1,73.4,182.6,N,Campbell Stokes recorder,N,224100E 252100N,52.139,-4.57
1962,5,12.1,7.3,0,52.3,176,N,Campbell Stokes recorder,N,224100E 252100N,52.139,-4.57
1962,6,16,9.3,0,39,242.2,N,Campbell Stokes recorder,N,224100E 252100N,52.139,-4.57
1962,7,17,11.4,0,53.8,149,N,Campbell Stokes recorder,N,224100E 252100N,52.139,-4.57
1962,8,16.2,11.5,0,96.5,153.7,N,Campbell Stokes recorder,N,224100E 252100N,52.139,-4.57
1962,9,15,10.4,0,130.8,102.1,N,Campbell Stokes recorder,N,224100E 252100N,52.139,-4.57
1962,10,13.9,8.2,0,44,126.5,N,Campbell Stokes recorder,N,224100E 252100N,52.139,-4.57
1962,11,8.9,4.6,0,72.3,43.9,N,Campbell Stokes recorder,N,224100E 252100N,52.139,-4.57
1962,12,6.4,1.8,9,69.2,64.3,N,Campbell Stokes recorder,N,224100E 252100N,52.139,-4.57
1963,1,1.3,-3.5,26,17.3,98.5,N,Campbell Stokes recorder,N,224100E 252100N,52.139,-4.57
1963,2,3.3,-1.9,22,27.1,100.5,N,Campbell Stokes recorder,N,224100E 252100N,52.139,-4.57
1963,3,8.9,3.9,2,109.9,106.4,N,Campbell Stokes recorder,N,224100E 252100N,52.139,-4.57
1963,4,10.9,5.4,0,87.6,134.2,N,Campbell Stokes recorder,N,224100E 252100N,52.139,-4.57
1963,5,12.6,7.1,0,52.8,183.5,N,Campbell Stokes recorder,N,224100E 252100N,52.139,-4.57
1963,6,16.9,10.7,0,85.3,195.6,N,Campbell Stokes recorder,N,224100E 252100N,52.139,-4.57
1963,7,17.3,11.4,0,36.3,153.1,N,Campbell Stokes recorder,N,224100E 252100N,52.139,-4.57
1963,8,16.3,11.5,0,62.9,124.5,N,Campbell Stokes recorder,N,224100E 252100N,52.139,-4.57
1963,9,15.8,10.3,0,50.3,133.7,N,Campbell Stokes recorder,N,224100E 252100N,52.139,-4.57
1963,10,13.8,9,0,54.7,70.8,N,Campbell Stokes recorder,N,224100E 252100N,52.139,-4.57
1963,11,11.1,6.9,0,187.9,60.1,N,Campbell Stokes recorder,N,224100E 252100N,52.139,-4.57
1963,12,6.2,1.2,12,24.1,80.4,N,Campbell Stokes recorder,N,224100E 252100N,52.139,-4.57
1964,1,6.9,2.5,6,20.2,40.1,N,Campbell Stokes recorder,N,224100E 252100N,52.139,-4.57
1964,2,7.3,2.9,6,20.2,76.5,N,Campbell Stokes recorder,N,224100E 252100N,52.139,-4.57
1964,3,7.9,2.8,4,55.1,108.5,N,Campbell Stokes recorder,N,224100E 252100N,52.139,-4.57
1964,4,11,5.6,0,53.2,131.4,N,Campbell Stokes recorder,N,224100E 252100N,52.139,-4.57
1964,5,15.3,9.2,0,55.3,188.2,N,Campbell Stokes recorder,N,224100E 252100N,52.139,-4.57
1964,6,15.6,10.3,0,48.8,142.2,N,Campbell Stokes recorder,N,224100E 252100N,52.139,-4.57
1964,7,17.2,12.2,0,53.4,158.1,N,Campbell Stokes recorder,N,224100E 252100N,52.139,-4.57
1964,8,17.7,12,0,45.7,195.8,N,Campbell Stokes recorder,N,224100E 252100N,52.139,-4.57
1964,9,17.3,11.1,0,34.1,154.4,N,Campbell Stokes recorder,N,224100E 252100N,52.139,-4.57
1964,10,12.8,7.4,0,90.4,117.6,N,Campbell Stokes recorder,N,224100E 252100N,52.139,-4.57
1964,11,11,6.2,1,60.2,72.3,N,Campbell Stokes recorder,N,224100E 252100N,52.139,-4.57
1964,12,7.8,2.4,5,144.3,49.1,N,Campbell Stokes recorder,N,224100E 252100N,52.139,-4.57
1965,1,6.8,2.5,9,110.7,77,N,Campbell Stokes recorder,N,224100E 252100N,52.139,-4.57
1965,2,5.6,1.4,8,13,57.1,N,Campbell Stokes recorder,N,224100E 252100N,52.139,-4.57
1965,3,9.2,3.2,6,75,136.6,N,Campbell Stokes recorder,N,224100E 252100N,52.139,-4.57
1965,4,11,5.2,0,52.6,188.9,N,Campbell Stokes recorder,N,224100E 252100N,52.139,-4.57
1965,5,14.2,8.2,0,34.2,179.6,N,Campbell Stokes recorder,N,224100E 252100N,52.139,-4.57
1965,6,15.8,9.9,0,83.2,204.7,N,Campbell Stokes recorder,N,224100E 252100N,52.139,-4.57
1965,7,16.1,10.9,0,52.2,162.2,N,Campbell Stokes recorder,N,224100E 252100N,52.139,-4.57
1965,8,17.7,12,0,37.5,189.1,N,Campbell Stokes recorder,N,224100E 252100N,52.139,-4.57
1965,9,14.5,9.5,0,110.8,114.3,N,Campbell Stokes recorder,N,224100E 252100N,52.139,-4.57
1965,10,15.1,8.8,0,35.6,156.9,N,Campbell Stokes recorder,N,224100E 252100N,52.139,-4.57
1965,11,8.1,3.6,6,110.8,85.5,N,Campbell Stokes recorder,N,224100E 252100N,52.139,-4.57
1965,12,8.8,4.2,3,186.1,53.9,N,Campbell Stokes recorder,N,224100E 252100N,52.139,-4.57
1966,1,6,2.2,11,54.7,44.3,N,Campbell Stokes recorder,N,224100E 252100N,52.139,-4.57
1966,2,8.3,4.2,3,120.4,45.4,N,Campbell Stokes recorder,N,224100E 252100N,52.139,-4.57
1966,3,9.3,4.8,0,23.9,112.5,N,Campbell Stokes recorder,N,224100E 252100N,52.139,-4.57
1966,4,10.7,5.1,2,107.9,113.7,N,Campbell Stokes recorder,N,224100E 252100N,52.139,-4.57
1966,5,13.8,7.3,0,62.8,242,N,Campbell Stokes recorder,N,224100E 252100N,52.139,-4.57
1966,6,16.8,11.2,0,79.3,165.4,N,Campbell Stokes recorder,N,224100E 252100N,52.139,-4.57
1966,7,16.3,11.8,0,83.7,190.1,N,Campbell Stokes recorder,N,224100E 252100N,52.139,-4.57
1966,8,17,11.1,0,54.1,187.1,N,Campbell Stokes recorder,N,224100E 252100N,52.139,-4.57
1966,9,17,11.1,0,46.3,177,N,Campbell Stokes recorder,N,224100E 252100N,52.139,-4.57
1966,10,13.1,8,0,155.9,110.9,N,Campbell Stokes recorder,N,224100E 252100N,52.139,-4.57
1966,11,8.5,4.7,0,75.3,39.4,N,Campbell Stokes recorder,N,224100E 252100N,52.139,-4.57
1966,12,8.9,4.9,0,102.3,34,N,Campbell Stokes recorder,N,224100E 252100N,52.139,-4.57
1967,1,7.4,3.4,3,78.3,48.7,N,Campbell Stokes recorder,N,224100E 252100N,52.139,-4.57
1967,2,8.1,3.3,2,90.5,96.1,N,Campbell Stokes recorder,N,224100E 252100N,52.139,-4.57
1967,3,9.1,4.6,0,36.7,149.4,N,Campbell Stokes recorder,N,224100E 252100N,52.139,-4.57
1967,4,9.8,5.1,1,19.6,137.4,N,Campbell Stokes recorder,N,224100E 252100N,52.139,-4.57
1967,5,12,6.7,0,110.3,170.4,N,Campbell Stokes recorder,N,224100E 252100N,52.139,-4.57
1967,6,16.3,10.1,0,32.1,246,N,Campbell Stokes recorder,N,224100E 252100N,52.139,-4.57
1967,7,18.2,11.9,0,92.8,168.9,N,Campbell Stokes recorder,N,224100E 252100N,52.139,-4.57
1967,8,17.5,11.9,0,52.1,158.6,N,Campbell Stokes recorder,N,224100E 252100N,52.139,-4.57
1967,9,15.5,10.8,0,149.3,148.3,N,Campbell Stokes recorder,N,224100E 252100N,52.139,-4.57
1967,10,12.9,8.5,0,173.8,66.9,N,Campbell Stokes recorder,N,224100E 252100N,52.139,-4.57
1967,11,9.2,3.9,1,64.7,77.1,N,Campbell Stokes recorder,N,224100E 252100N,52.139,-4.57
1967,12,8.1,4.2,5,65.4,37.5,N,Campbell Stokes recorder,N,224100E 252100N,52.139,-4.57
1968,1,7.8,3.1,6,89.8,28.9,N,Campbell Stokes recorder,N,224100E 252100N,52.139,-4.57
1968,2,5.5,0.2,12,29.9,113.2,N,Campbell Stokes recorder,N,224100E 252100N,52.139,-4.57
1968,3,8.6,3.6,3,49.2,130.2,N,Campbell Stokes recorder,N,224100E 252100N,52.139,-4.57
1968,4,10.8,4.2,3,90.4,189.6,N,Campbell Stokes recorder,N,224100E 252100N,52.139,-4.57
1968,5,12,6.4,0,47.5,173.8,N,Campbell Stokes recorder,N,224100E 252100N,52.139,-4.57
1968,6,16.4,10.3,0,69.9,223.5,N,Campbell Stokes recorder,N,224100E 252100N,52.139,-4.57
1968,7,16.8,11.3,0,56.8,228.4,N,Campbell Stokes recorder,N,224100E 252100N,52.139,-4.57
1968,8,18,12.6,0,39.6,196.9,N,Campbell Stokes recorder,N,224100E 252100N,52.139,-4.57
1968,9,15.8,10.9,0,90.6,107.1,N,Campbell Stokes recorder,N,224100E 252100N,52.139,-4.57
1968,10,14.7,10.8,0,93.8,58.9,N,Campbell Stokes recorder,N,224100E 252100N,52.139,-4.57
1968,11,9.4,5.2,3,65.6,52.8,N,Campbell Stokes recorder,N,224100E 252100N,52.139,-4.57
1968,12,6.7,2.4,5,86.3,44.6,N,Campbell Stokes recorder,N,224100E 252100N,52.139,-4.57
1969,1,7.9,4.1,2,107.2,34.6,N,Campbell Stokes recorder,N,224100E 252100N,52.139,-4.57
1969,2,4.5,0.1,13,46.2,63.1,N,Campbell Stokes recorder,N,224100E 252100N,52.139,-4.57
1969,3,7.5,2,5,48.8,123.5,N,Campbell Stokes recorder,N,224100E 252100N,52.139,-4.57
1969,4,10.5,4.5,0,47.3,205.2,N,Campbell Stokes recorder,N,224100E 252100N,52.139,-4.57
1969,5,13.1,7.5,0,94.8,160.8,N,Campbell Stokes recorder,N,224100E 252100N,52.139,-4.57
1969,6,16.2,9.6,0,45.8,278.7,N,Campbell Stokes recorder,N,224100E 252100N,52.139,-4.57
1969,7,18.5,12.1,0,29.5,193.4,N,Campbell Stokes recorder,N,224100E 252100N,52.139,-4.57
1969,8,17.2,12.5,0,78.6,138.1,N,Campbell Stokes recorder,N,224100E 252100N,52.139,-4.57
1969,9,16.1,11.4,0,25.8,78.9,N,Campbell Stokes recorder,N,224100E 252100N,52.139,-4.57
1969,10,16.1,10.8,0,30.3,114.5,N,Campbell Stokes recorder,N,224100E 252100N,52.139,-4.57
1969,11,9,4.2,2,146.4,45.9,N,Campbell Stokes recorder,N,224100E 252100N,52.139,-4.57
1969,12,6.8,2.4,8,99.6,41.2,N,Campbell Stokes recorder,N,224100E 252100N,52.139,-4.57
1970,1,7.5,3.1,7,97.5,40.2,N,Campbell Stokes recorder,N,224100E 252100N,52.139,-4.57
1970,2,6.2,1.9,7,79.2,96.2,N,Campbell Stokes recorder,N,224100E 252100N,52.139,-4.57
1970,3,6.6,2,8,76.1,101.2,N,Campbell Stokes recorder,N,224100E 252100N,52.139,-4.57
1970,4,8.8,4.2,2,67,135.2,N,Campbell Stokes recorder,N,224100E 252100N,52.139,-4.57
1970,5,14.5,8.5,0,28.1,148.9,N,Campbell Stokes recorder,N,224100E 252100N,52.139,-4.57
1970,6,18.5,11.5,0,47.3,206.5,N,Campbell Stokes recorder,N,224100E 252100N,52.139,-4.57
1970,7,16.6,11.3,0,57.4,150.3,N,Campbell Stokes recorder,N,224100E 252100N,52.139,-4.57
1970,8,17.8,12.3,0,42.6,151.8,N,Campbell Stokes recorder,N,224100E 252100N,52.139,-4.57
1970,9,16.8,11.5,0,49.4,120.4,N,Campbell Stokes recorder,N,224100E 252100N,52.139,-4.57
1970,10,13.3,8.6,0,108.3,75.4,N,Campbell Stokes recorder,N,224100E 252100N,52.139,-4.57
1970,11,10.8,6.4,0,181.4,41.7,N,Campbell Stokes recorder,N,224100E 252100N,52.139,-4.57
1970,12,7.5,3.3,6,42.9,69.4,N,Campbell Stokes recorder,N,224100E 252100N,52.139,-4.57
1971,1,7.7,3.5,4,106.9,36.7,N,Campbell Stokes recorder,N,224100E 252100N,52.139,-4.57
1971,2,7.4,2.7,4,31.7,57.4,N,Campbell Stokes recorder,N,224100E 252100N,52.139,-4.57
1971,3,7.5,3.1,5,62.8,84,N,Campbell Stokes recorder,N,224100E 252100N,52.139,-4.57
1971,4,10.7,4.7,0,59.4,139,N,Campbell Stokes recorder,N,224100E 252100N,52.139,-4.57
1971,5,14.2,7.5,0,44.7,260.9,N,Campbell Stokes recorder,N,224100E 252100N,52.139,-4.57
1971,6,14.7,9.1,0,116.9,159.9,N,Campbell Stokes recorder,N,224100E 252100N,52.139,-4.57
1971,7,18.4,12.3,0,61.4,254.3,N,Campbell Stokes recorder,N,224100E 252100N,52.139,-4.57
1971,8,17.2,12.5,0,136.4,124.9,N,Campbell Stokes recorder,N,224100E 252100N,52.139,-4.57
1971,9,18.2,11.2,0,42.3,162.5,N,Campbell Stokes recorder,N,224100E 252100N,52.139,-4.57
1971,10,14.9,9.1,0,80,128.5,N,Campbell Stokes recorder,N,224100E 252100N,52.139,-4.57
1971,11,10.2,5.2,2,89.5,58.8,N,Campbell Stokes recorder,N,224100E 252100N,52.139,-4.57
1971,12,9,5.3,2,48.5,43,N,Campbell Stokes recorder,N,224100E 252100N,52.139,-4.57
1972,1,6.8,2.8,3,102,48.1,N,Campbell Stokes recorder,N,224100E 252100N,52.139,-4.57
1972,2,7,2.7,1,88.4,54.9,N,Campbell Stokes recorder,N,224100E 252100N,52.139,-4.57
1972,3,9.1,3.8,2,61.1,127.9,N,Campbell Stokes recorder,N,224100E 252100N,52.139,-4.57
1972,4,10.2,5.6,0,75.5,164.5,N,Campbell Stokes recorder,N,224100E 252100N,52.139,-4.57
1972,5,12,6.9,0,65.2,178.9,N,Campbell Stokes recorder,N,224100E 252100N,52.139,-4.57
1972,6,12.9,7.7,0,128.5,152.5,N,Campbell Stokes recorder,N,224100E 252100N,52.139,-4.57
1972,7,17,11.7,0,67.7,182,N,Campbell Stokes recorder,N,224100E 252100N,52.139,-4.57
1972,8,16.5,11.2,0,32.1,202.1,N,Campbell Stokes recorder,N,224100E 252100N,52.139,-4.57
1972,9,15.2,9,0,40.6,198,N,Campbell Stokes recorder,N,224100E 252100N,52.139,-4.57
1972,10,13.9,8.5,0,54.8,101.1,N,Campbell Stokes recorder,N,224100E 252100N,52.139,-4.57
1972,11,9.6,5.6,1,91.7,63.7,N,Campbell Stokes recorder,N,224100E 252100N,52.139,-4.57
1972,12,9.2,4.7,0,103.4,40.1,N,Campbell Stokes recorder,N,224100E 252100N,52.139,-4.57
1973,1,7.4,3.5,5,45.2,40.1,N,Campbell Stokes recorder,N,224100E 252100N,52.139,-4.57
1973,2,7.1,3.2,4,45.8,54,N,Campbell Stokes recorder,N,224100E 252100N,52.139,-4.57
1973,3,9.1,3.5,0,36,150.5,N,Campbell Stokes recorder,N,224100E 252100N,52.139,-4.57
1973,4,9.2,4.5,2,44.5,174.6,N,Campbell Stokes recorder,N,224100E 252100N,52.139,-4.57
1973,5,14.2,7.9,0,66.7,167.5,N,Campbell Stokes recorder,N,224100E 252100N,52.139,-4.57
1973,6,16.2,10,0,20.3,230,N,Campbell Stokes recorder,N,224100E 252100N,52.139,-4.57
1973,7,16.8,11.6,0,75.4,188,N,Campbell Stokes recorder,N,224100E 252100N,52.139,-4.57
1973,8,19.5,13.2,0,119.9,169.4,N,Campbell Stokes recorder,N,224100E 252100N,52.139,-4.57
1973,9,16.9,11.3,0,68.7,144.8,N,Campbell Stokes recorder,N,224100E 252100N,52.139,-4.57
1973,10,12.8,7.9,0,55.6,94.2,N,Campbell Stokes recorder,N,224100E 252100N,52.139,-4.57
1973,11,10.1,5.9,0,83.5,56.4,N,Campbell Stokes recorder,N,224100E 252100N,52.139,-4.57
1973,12,8.4,3.7,5,94.2,52.8,N,Campbell Stokes recorder,N,224100E 252100N,52.139,-4.57
1974,1,8.6,3.8,2,203.2,44.6,N,Campbell Stokes recorder,N,224100E 252100N,52.139,-4.57
1974,2,7.9,3.1,0,116.1,59.7,N,Campbell Stokes recorder,N,224100E 252100N,52.139,-4.57
1974,3,8.5,3,2,47.6,125,N,Campbell Stokes recorder,N,224100E 252100N,52.139,-4.57
1974,4,12.4,5.2,0,15.9,220.3,N,Campbell Stokes recorder,N,224100E 252100N,52.139,-4.57
1974,5,13,6.9,0,51.3,195.8,N,Campbell Stokes recorder,N,224100E 252100N,52.139,-4.57
1974,6,15.8,10.1,0,54,205.1,N,Campbell Stokes recorder,N,224100E 252100N,52.139,-4.57
1974,7,16.7,11.6,0,54.2,173.7,N,Campbell Stokes recorder,N,224100E 252100N,52.139,-4.57
1974,8,17.1,11.1,0,47.9,177.2,N,Campbell Stokes recorder,N,224100E 252100N,52.139,-4.57
1974,9,14,9.2,0,124.2,118.8,N,Campbell Stokes recorder,N,224100E 252100N,52.139,-4.57
1974,10,10.5,6.8,0,114,65.2,N,Campbell Stokes recorder,N,224100E 252100N,52.139,-4.57
1974,11,9.3,5.2,0,89.2,60,N,Campbell Stokes recorder,N,224100E 252100N,52.139,-4.57
1974,12,9.9,6.2,0,78.9,27.2,N,Campbell Stokes recorder,N,224100E 252100N,52.139,-4.57
1975,1,9.1,5,0,132.3,31.5,N,Campbell Stokes recorder,N,224100E 252100N,52.139,-4.57
1975,2,8.7,2.8,0,31.6,119.1,N,Campbell Stokes recorder,N,224100E 252100N,52.139,-4.57
1975,3,7.2,3,3,42,115.8,N,Campbell Stokes recorder,N,224100E 252100N,52.139,-4.57
1975,4,10.3,5,1,70.6,148.5,N,Campbell Stokes recorder,N,224100E 252100N,52.139,-4.57
1975,5,12.5,6.6,0,23.9,267.3,N,Campbell Stokes recorder,N,224100E 252100N,52.139,-4.57
1975,6,17,10.5,0,4.3,274.9,N,Campbell Stokes recorder,N,224100E 252100N,52.139,-4.57
1975,7,18.7,13,0,48,195.3,N,Campbell Stokes recorder,N,224100E 252100N,52.139,-4.57
1975,8,19.3,13.6,0,47.2,178.2,N,Campbell Stokes recorder,N,224100E 252100N,52.139,-4.57
1975,9,15.6,10,0,66.8,154.3,N,Campbell Stokes recorder,N,224100E 252100N,52.139,-4.57
1975,10,13.4,7.9,0,59.5,138.1,N,Campbell Stokes recorder,N,224100E 252100N,52.139,-4.57
1975,11,9.9,5.2,0,69.1,60.7,N,Campbell Stokes recorder,N,224100E 252100N,52.139,-4.57
1975,12,8.3,4.6,3,59.9,25.1,N,Campbell Stokes recorder,N,224100E 252100N,52.139,-4.57
1976,1,8,4.9,2,48.1,27.9,N,Campbell Stokes recorder,N,224100E 252100N,52.139,-4.57
1976,2,7.1,2.6,5,40.5,79.7,N,Campbell Stokes recorder,N,224100E 252100N,52.139,-4.57
1976,3,8.1,2.2,5,62,116.1,N,Campbell Stokes recorder,N,224100E 252100N,52.139,-4.57
1976,4,10.5,4.4,0,19.2,178.5,N,Campbell Stokes recorder,N,224100E 252100N,52.139,-4.57
1976,5,13.5,7.6,0,56.6,164.3,N,Campbell Stokes recorder,N,224100E 252100N,52.139,-4.57
1976,6,18.9,11.1,0,11.5,210.4,N,Campbell Stokes recorder,N,224100E 252100N,52.139,-4.57
1976,7,19.6,13.2,0,13.2,193.5,N,Campbell Stokes recorder,N,224100E 252100N,52.139,-4.57
1976,8,20.4,13.5,0,0.8,288.5,N,Campbell Stokes recorder,N,224100E 252100N,52.139,-4.57
1976,9,15.6,10.6,0,157.8,99.2,N,Campbell Stokes recorder,N,224100E 252100N,52.139,-4.57
1976,10,12.7,7.5,0,155.2,76.1,N,Campbell Stokes recorder,N,224100E 252100N,52.139,-4.57
1976,11,9.7,5.1,0,81.1,77.7,N,Campbell Stokes recorder,N,224100E 252100N,52.139,-4.57
1976,12,5.6,1.6,6,83,57.5,N,Campbell Stokes recorder,N,224100E 252100N,52.139,-4.57
1977,1,5.9,1.8,8,79.3,48,N,Campbell Stokes recorder,N,224100E 252100N,52.139,-4.57
1977,2,8.3,3.4,2,150.6,63.9,N,Campbell Stokes recorder,N,224100E 252100N,52.139,-4.57
1977,3,9.8,4.7,0,56.9,82.3,N,Campbell Stokes recorder,N,224100E 252100N,52.139,-4.57
1977,4,9.3,4.7,0,50.4,176.4,N,Campbell Stokes recorder,N,224100E 252100N,52.139,-4.57
1977,5,13.7,6.8,0,50.2,285.8,N,Campbell Stokes recorder,N,224100E 252100N,52.139,-4.57
1977,6,14.3,8.9,0,54.3,197.6,N,Campbell Stokes recorder,N,224100E 252100N,52.139,-4.57
1977,7,18.1,12.3,0,24.9,209.8,N,Campbell Stokes recorder,N,224100E 252100N,52.139,-4.57
1977,8,18,11.7,0,91.2,199.9,N,Campbell Stokes recorder,N,224100E 252100N,52.139,-4.57
1977,9,15.1,10.4,0,27.8,116,N,Campbell Stokes recorder,N,224100E 252100N,52.139,-4.57
1977,10,14.7,9.8,0,110.6,110.3,N,Campbell Stokes recorder,N,224100E 252100N,52.139,-4.57
1977,11,9,4.8,5,118.2,63.1,N,Campbell Stokes recorder,N,224100E 252100N,52.139,-4.57
1977,12,8.7,4.9,0,78.2,40.3,N,Campbell Stokes recorder,N,224100E 252100N,52.139,-4.57
1978,1,6.6,2.5,3,92.8,64,N,Campbell Stokes recorder,N,224100E 252100N,52.139,-4.57
1978,2,5.5,1.5,13,74,64.7,N,Campbell Stokes recorder,N,224100E 252100N,52.139,-4.57
1978,3,9,3.9,3,48,116.5,N,Campbell Stokes recorder,N,224100E 252100N,52.139,-4.57
1978,4,9.4,3.7,2,32.4,164,N,Campbell Stokes recorder,N,224100E 252100N,52.139,-4.57
1978,5,13.9,7.9,0,14.9,224.8,N,Campbell Stokes recorder,N,224100E 252100N,52.139,-4.57
1978,6,15.2,9.8,0,31.1,161,N,Campbell Stokes recorder,N,224100E 252100N,52.139,-4.57
1978,7,15.7,11.1,0,91,132.6,N,Campbell Stokes recorder,N,224100E 252100N,52.139,-4.57
1978,8,16.3,11.5,0,61,141,N,Campbell Stokes recorder,N,224100E 252100N,52.139,-4.57
1978,9,16.1,11.2,0,52,155.5,N,Campbell Stokes recorder,N,224100E 252100N,52.139,-4.57
1978,10,14.4,10.3,0,25.8,67.9,N,Campbell Stokes recorder,N,224100E 252100N,52.139,-4.57
1978,11,11.2,7.1,2,71.6,61.7,N,Campbell Stokes recorder,N,224100E 252100N,52.139,-4.57
1978,12,7.7,3.3,5,140,54.5,N,Campbell Stokes recorder,N,224100E 252100N,52.139,-4.57
1979,1,4.6,-0.4,17,91.1,69.4,N,Campbell Stokes recorder,N,224100E 252100N,52.139,-4.57
1979,2,4.5,0.3,12,54.2,71.9,N,Campbell Stokes recorder,N,224100E 252100N,52.139,-4.57
1979,3,6.9,2.2,3,83.3,80.9,N,Campbell Stokes recorder,N,224100E 252100N,52.139,-4.57
1979,4,9.7,4.3,1,68.2,160.7,N,Campbell Stokes recorder,N,224100E 252100N,52.139,-4.57
1979,5,11.6,5.4,0,98.3,191.5,N,Campbell Stokes recorder,N,224100E 252100N,52.139,-4.57
1979,6,15.5,9.6,0,24,167.9,N,Campbell Stokes recorder,N,224100E 252100N,52.139,-4.57
1979,7,17.6,11.9,0,13.2,211.7,N,Campbell Stokes recorder,N,224100E 252100N,52.139,-4.57
1979,8,16.8,11.2,0,93.3,160.9,N,Campbell Stokes recorder,N,224100E 252100N,52.139,-4.57
1979,9,15.7,10.3,0,44.6,144.7,N,Campbell Stokes recorder,N,224100E 252100N,52.139,-4.57
1979,10,13.9,9.1,0,158.9,110.6,N,Campbell Stokes recorder,N,224100E 252100N,52.139,-4.57
1979,11,10.4,5.7,1,93.7,53.9,N,Campbell Stokes recorder,N,224100E 252100N,52.139,-4.57
1979,12,8.9,4.4,3,152.8,48.4,N,Campbell Stokes recorder,N,224100E 252100N,52.139,-4.57
1980,1,5.8,1,9,57.9,78.7,N,Campbell Stokes recorder,N,224100E 252100N,52.139,-4.57
1980,2,8.7,4.3,0,89.9,49.8,N,Campbell Stokes recorder,N,224100E 252100N,52.139,-4.57
1980,3,7.5,2.9,4,91.6,95.7,N,Campbell Stokes recorder,N,224100E 252100N,52.139,-4.57
1980,4,10.5,5.6,0,21.4,169,N,Campbell Stokes recorder,N,224100E 252100N,52.139,-4.57
1980,5,14.5,7.2,0,27.5,236.7,N,Campbell Stokes recorder,N,224100E 252100N,52.139,-4.57
1980,6,15.2,10.2,0,76.4,143.8,N,Campbell Stokes recorder,N,224100E 252100N,52.139,-4.57
1980,7,16.6,11,0,53.9,170.3,N,Campbell Stokes recorder,N,224100E 252100N,52.139,-4.57
1980,8,17.7,12.5,0,66.3,138.6,N,Campbell Stokes recorder,N,224100E 252100N,52.139,-4.57
1980,9,16.4,11.5,0,75.4,122.6,N,Campbell Stokes recorder,N,224100E 252100N,52.139,-4.57
1980,10,11.8,7.2,0,119.3,78.7,N,Campbell Stokes recorder,N,224100E 252100N,52.139,-4.57
1980,11,9.1,5.5,2,64.8,63.4,N,Campbell Stokes recorder,N,224100E 252100N,52.139,-4.57
1980,12,8.9,4.4,3,82.9,40.4,N,Campbell Stokes recorder,N,224100E 252100N,52.139,-4.57
1981,1,8,3.6,1,40.7,51.6,N,Campbell Stokes recorder,N,224100E 252100N,52.139,-4.57
1981,2,6.4,1.1,12,52.6,80.1,N,Campbell Stokes recorder,N,224100E 252100N,52.139,-4.57
1981,3,9.9,5.7,1,164.5,85,N,Campbell Stokes recorder,N,224100E 252100N,52.139,-4.57
1981,4,11.2,5.1,0,22.5,167,N,Campbell Stokes recorder,N,224100E 252100N,52.139,-4.57
1981,5,13.8,7.4,0,70.3,163,N,Campbell Stokes recorder,N,224100E 252100N,52.139,-4.57
1981,6,15,9.8,0,28.1,162,N,Campbell Stokes recorder,N,224100E 252100N,52.139,-4.57
1981,7,16.5,11.6,0,27.7,132.9,N,Campbell Stokes recorder,N,224100E 252100N,52.139,-4.57
1981,8,18.4,12.5,0,24.2,187.6,N,Campbell Stokes recorder,N,224100E 252100N,52.139,-4.57
1981,9,17.3,10.8,0,164.8,130.5,N,Campbell Stokes recorder,N,224100E 252100N,52.139,-4.57
1981,10,11,6.5,0,217.2,75.6,N,Campbell Stokes recorder,N,224100E 252100N,52.139,-4.57
1981,11,10.7,6.2,0,51.9,46.6,N,Campbell Stokes recorder,N,224100E 252100N,52.139,-4.57
1981,12,5.5,0.6,12,78,42.7,N,Campbell Stokes recorder,N,224100E 252100N,52.139,-4.57
1982,1,6.2,2.5,9,67.3,56.9,N,Campbell Stokes recorder,N,224100E 252100N,52.139,-4.57
1982,2,8.2,3,5,78.3,82,N,Campbell Stokes recorder,N,224100E 252100N,52.139,-4.57
1982,3,8.7,3.3,0,67.5,153.4,N,Campbell Stokes recorder,N,224100E 252100N,52.139,-4.57
1982,4,10.7,5.3,0,18,185.1,N,Campbell Stokes recorder,N,224100E 252100N,52.139,-4.57
1982,5,14.5,7.5,0,30.5,203.8,N,Campbell Stokes recorder,N,224100E 252100N,52.139,-4.57
1982,6,17.8,10.7,0,94.5,179.2,N,Campbell Stokes recorder,N,224100E 252100N,52.139,-4.57
1982,7,17.9,12.3,0,53.9,190.6,N,Campbell Stokes recorder,N,224100E 252100N,52.139,-4.57
1982,8,17.2,12,0,74.2,136.9,N,Campbell Stokes recorder,N,224100E 252100N,52.139,-4.57
1982,9,16.6,10.7,0,105.4,122.4,N,Campbell Stokes recorder,N,224100E 252100N,52.139,-4.57
1982,10,12.7,7.9,0,107.9,80,N,Campbell Stokes recorder,N,224100E 252100N,52.139,-4.57
1982,11,10.6,6.4,0,141.2,51.3,N,Campbell Stokes recorder,N,224100E 252100N,52.139,-4.57
1982,12,8.1,3.2,3,78.9,33.7,N,Campbell Stokes recorder,N,224100E 252100N,52.139,-4.57
1983,1,9.1,5,1,90.8,28.3,N,Campbell Stokes recorder,N,224100E 252100N,52.139,-4.57
1983,2,5.3,0.5,15,31.1,96.5,N,Campbell Stokes recorder,N,224100E 252100N,52.139,-4.57
1983,3,8.7,4.4,0,71.8,70,N,Campbell Stokes recorder,N,224100E 252100N,52.139,-4.57
1983,4,9.1,3.4,1,68,179.5,N,Campbell Stokes recorder,N,224100E 252100N,52.139,-4.57
1983,5,12.1,6.8,0,78.4,137.9,N,Campbell Stokes recorder,N,224100E 252100N,52.139,-4.57
1983,6,15.9,10.2,0,42.9,172.7,N,Campbell Stokes recorder,N,224100E 252100N,52.139,-4.57
1983,7,20.7,13.9,0,39.5,252.1,N,Campbell Stokes recorder,N,224100E 252100N,52.139,-4.57
1983,8,19.7,13.1,0,57.1,223.6,N,Campbell Stokes recorder,N,224100E 252100N,52.139,-4.57
1983,9,16,10.8,0,93.7,115.9,N,Campbell Stokes recorder,N,224100E 252100N,52.139,-4.57
1983,10,13.2,8.1,1,81.8,98.3,N,Campbell Stokes recorder,N,224100E 252100N,52.139,-4.57
1983,11,10.6,5.8,4,44.5,60.5,N,Campbell Stokes recorder,N,224100E 252100N,52.139,-4.57
1983,12,9.3,4.9,0,122.1,49.5,N,Campbell Stokes recorder,N,224100E 252100N,52.139,-4.57
1984,1,7.4,2.4,2,80.6,44.4,N,Campbell Stokes recorder,N,224100E 252100N,52.139,-4.57
1984,2,7.1,2.2,7,52.1,58.6,N,Campbell Stokes recorder,N,224100E 252100N,52.139,-4.57
1984,3,7,2.2,3,35.3,98,N,Campbell Stokes recorder,N,224100E 252100N,52.139,-4.57
1984,4,12.5,5.1,1,8.4,216.2,N,Campbell Stokes recorder,N,224100E 252100N,52.139,-4.57
1984,5,12.2,6.4,0,44.6,236.3,N,Campbell Stokes recorder,N,224100E 252100N,52.139,-4.57
1984,6,15.9,9.8,0,24.9,199.7,N,Campbell Stokes recorder,N,224100E 252100N,52.139,-4.57
1984,7,18.9,11.9,0,38.4,285.2,N,Campbell Stokes recorder,N,224100E 252100N,52.139,-4.57
1984,8,19.9,13.2,0,40.5,185.6,N,Campbell Stokes recorder,N,224100E 252100N,52.139,-4.57
1984,9,15.5,11.3,0,154.2,127.3,N,Campbell Stokes recorder,N,224100E 252100N,52.139,-4.57
1984,10,13.6,8.4,0,95.1,109.8,N,Campbell Stokes recorder,N,224100E 252100N,52.139,-4.57
1984,11,10.2,6,0,145,53.2,N,Campbell Stokes recorder,N,224100E 252100N,52.139,-4.57
1984,12,8.6,3.8,1,133.6,45.8,N,Campbell Stokes recorder,N,224100E 252100N,52.139,-4.57
1985,1,5,-0.3,17,71.2,85.6,N,Campbell Stokes recorder,N,224100E 252100N,52.139,-4.57
1985,2,6.5,1.2,11,29.7,97.4,N,Campbell Stokes recorder,N,224100E 252100N,52.139,-4.57
1985,3,7.5,2.3,6,67,147.1,N,Campbell Stokes recorder,N,224100E 252100N,52.139,-4.57
1985,4,10.8,5.5,0,62.1,138.6,N,Campbell Stokes recorder,N,224100E 252100N,52.139,-4.57
1985,5,12.9,7.4,0,29.3,192.1,N,Campbell Stokes recorder,N,224100E 252100N,52.139,-4.57
1985,6,14.6,8.7,0,104.2,185,N,Campbell Stokes recorder,N,224100E 252100N,52.139,-4.57
1985,7,17.4,11.5,0,70.4,200.8,N,Campbell Stokes recorder,N,224100E 252100N,52.139,-4.57
1985,8,16.3,10.6,0,105.4,153.6,N,Campbell Stokes recorder,N,224100E 252100N,52.139,-4.57
1985,9,17.2,11.2,0,29.5,128.4,N,Campbell Stokes recorder,N,224100E 252100N,52.139,-4.57
1985,10,13.4,8.2,0,57.4,114.7,N,Campbell Stokes recorder,N,224100E 252100N,52.139,-4.57
1985,11,7.8,3.1,1,98.8,68,N,Campbell Stokes recorder,N,224100E 252100N,52.139,-4.57
1985,12,8.9,4.7,4,146,38.9,N,Campbell Stokes recorder,N,224100E 252100N,52.139,-4.57
1986,1,6.7,2.7,3,83.8,33.5,N,Campbell Stokes recorder,N,224100E 252100N,52.139,-4.57
1986,2,2.3,-2.7,24,0,117,N,Campbell Stokes recorder,N,224100E 252100N,52.139,-4.57
1986,3,8,2.3,4,51,133.4,N,Campbell Stokes recorder,N,224100E 252100N,52.139,-4.57
1986,4,7.6,2.6,2,70.3,124.1,N,Campbell Stokes recorder,N,224100E 252100N,52.139,-4.57
1986,5,13.1,7.3,0,63.9,210.6,N,Campbell Stokes recorder,N,224100E 252100N,52.139,-4.57
1986,6,17.6,10.4,0,57.2,182.3,N,Campbell Stokes recorder,N,224100E 252100N,52.139,-4.57
1986,7,16.8,11.6,0,41,129.4,N,Campbell Stokes recorder,N,224100E 252100N,52.139,-4.57
1986,8,15.2,10.3,0,104.8,142.1,N,Campbell Stokes recorder,N,224100E 252100N,52.139,-4.57
1986,9,14.4,8,0,9.2,161.4,N,Campbell Stokes recorder,N,224100E 252100N,52.139,-4.57
1986,10,13.7,8.8,0,82,108.9,N,Campbell Stokes recorder,N,224100E 252100N,52.139,-4.57
1986,11,10.6,5.7,0,133.8,70.1,N,Campbell Stokes recorder,N,224100E 252100N,52.139,-4.57
1986,12,9.3,4.5,0,187.9,39.3,N,Campbell Stokes recorder,N,224100E 252100N,52.139,-4.57
1987,1,4.2,0,16,18.1,62,N,Campbell Stokes recorder,N,224100E 252100N,52.139,-4.57
1987,2,6.7,1.7,11,48.3,74.2,N,Campbell Stokes recorder,N,224100E 252100N,52.139,-4.57
1987,3,7.3,2.1,10,79.7,108.3,N,Campbell Stokes recorder,N,224100E 252100N,52.139,-4.57
1987,4,13.4,6.7,0,50.9,161.6,N,Campbell Stokes recorder,N,224100E 252100N,52.139,-4.57
1987,5,12.1,7.3,0,19.8,193.9,N,Campbell Stokes recorder,N,224100E 252100N,52.139,-4.57
1987,6,14.3,9.2,0,66.8,162.5,N,Campbell Stokes recorder,N,224100E 252100N,52.139,-4.57
1987,7,17.4,12.1,0,45.7,177.6,N,Campbell Stokes recorder,N,224100E 252100N,52.139,-4.57
1987,8,17.5,12.3,0,57.3,185.2,N,Campbell Stokes recorder,N,224100E 252100N,52.139,-4.57
1987,9,16.3,10.6,0,78.2,151.9,N,Campbell Stokes recorder,N,224100E 252100N,52.139,-4.57
1987,10,12.7,7,0,219.2,116.1,N,Campbell Stokes recorder,N,224100E 252100N,52.139,-4.57
1987,11,9.4,5.3,0,103,88.7,N,Campbell Stokes recorder,N,224100E 252100N,52.139,-4.57
1987,12,8.2,4.3,6,64.7,56.2,N,Campbell Stokes recorder,N,224100E 252100N,52.139,-4.57
1988,1,7.9,3.7,0,164,53,N,Campbell Stokes recorder,N,224100E 252100N,52.139,-4.57
1988,2,7.2,2.8,1,47.2,82.9,N,Campbell Stokes recorder,N,224100E 252100N,52.139,-4.57
1988,3,8.5,4.6,2,103.3,107.7,N,Campbell Stokes recorder,N,224100E 252100N,52.139,-4.57
1988,4,11.3,4.9,1,40.3,191.7,N,Campbell Stokes recorder,N,224100E 252100N,52.139,-4.57
1988,5,13.9,7.7,0,61.9,225.1,N,Campbell Stokes recorder,N,224100E 252100N,52.139,-4.57
1988,6,16.4,10.6,0,77.1,203.3,N,Campbell Stokes recorder,N,224100E 252100N,52.139,-4.57
1988,7,15.8,11,0,76.9,138.2,N,Campbell Stokes recorder,N,224100E 252100N,52.139,-4.57
1988,8,16.9,11.2,0,78.7,161.3,N,Campbell Stokes recorder,N,224100E 252100N,52.139,-4.57
1988,9,15.3,10.5,0,76.4,152.6,N,Campbell Stokes recorder,N,224100E 252100N,52.139,-4.57
1988,10,13.4,8.4,0,98.5,113.1,N,Campbell Stokes recorder,N,224100E 252100N,52.139,-4.57
1988,11,9.9,3.9,2,36.9,97.4,N,Campbell Stokes recorder,N,224100E 252100N,52.139,-4.57
1988,12,9.8,6.8,0,36.9,26.8,N,Campbell Stokes recorder,N,224100E 252100N,52.139,-4.57
1989,1,8.9,4.6,2,69.9,70.9,N,Campbell Stokes recorder,N,224100E 252100N,52.139,-4.57
1989,2,8.7,3.6,2,71.6,79.1,N,Campbell Stokes recorder,N,224100E 252100N,52.139,-4.57
1989,3,9.9,4.3,3,85.1,104.3,N,Campbell Stokes recorder,N,224100E 252100N,52.139,-4.57
1989,4,9.5,3.4,1,63.7,185.1,N,Campbell Stokes recorder,N,224100E 252100N,52.139,-4.57
1989,5,15.5,8.8,0,11.9,265.8,N,Campbell Stokes recorder,N,224100E 252100N,52.139,-4.57
1989,6,16.7,9.9,0,42.2,251,N,Campbell Stokes recorder,N,224100E 252100N,52.139,-4.57
1989,7,19.7,13,0,34.3,246.2,N,Campbell Stokes recorder,N,224100E 252100N,52.139,-4.57
1989,8,18.4,12.5,0,67.5,225.5,N,Campbell Stokes recorder,N,224100E 252100N,52.139,-4.57
1989,9,16.4,11,0,40,114.1,N,Campbell Stokes recorder,N,224100E 252100N,52.139,-4.57
1989,10,13.9,9.6,0,104.1,58.2,N,Campbell Stokes recorder,N,224100E 252100N,52.139,-4.57
1989,11,10.5,5.2,2,73.8,96.7,N,Campbell Stokes recorder,N,224100E 252100N,52.139,-4.57
1989,12,8,2.9,3,120.2,49.7,N,Campbell Stokes recorder,N,224100E 252100N,52.139,-4.57
1990,1,9.1,4.8,0,118,48,N,Campbell Stokes recorder,N,224100E 252100N,52.139,-4.57
1990,2,9.9,4.6,0,91.2,64.9,N,Campbell Stokes recorder,N,224100E 252100N,52.139,-4.57
1990,3,10.5,5.3,0,14.4,100.9,N,Campbell Stokes recorder,N,224100E 252100N,52.139,-4.57
1990,4,11,4.6,3,20.9,187,N,Campbell Stokes recorder,N,224100E 252100N,52.139,-4.57
1990,5,15.7,8.8,0,24.3,259.2,N,Campbell Stokes recorder,N,224100E 252100N,52.139,-4.57
1990,6,15.7,10,0,64.4,151.3,N,Campbell Stokes recorder,N,224100E 252100N,52.139,-4.57
1990,7,20.1,12.7,0,33,289.9,N,Campbell Stokes recorder,N,224100E 252100N,52.139,-4.57
1990,8,19.8,13.7,0,42.6,195.4,N,Campbell Stokes recorder,N,224100E 252100N,52.139,-4.57
1990,9,15.7,10.4,0,57.6,164,N,Campbell Stokes recorder,N,224100E 252100N,52.139,-4.57
1990,10,14.3,9.9,0,108.6,91.7,N,Campbell Stokes recorder,N,224100E 252100N,52.139,-4.57
1990,11,9.6,5.5,0,79.2,78.6,N,Campbell Stokes recorder,N,224100E 252100N,52.139,-4.57
1990,12,7.5,2.8,3,97.5,48.1,N,Campbell Stokes recorder,N,224100E 252100N,52.139,-4.57
1991,1,6.1,1.2,10,97.1,81.4,N,Campbell Stokes recorder,N,224100E 252100N,52.139,-4.57
1991,2,5.4,-0.1,15,55.4,83.5,N,Campbell Stokes recorder,N,224100E 252100N,52.139,-4.57
1991,3,10,5,0,66.5,113.5,N,Campbell Stokes recorder,N,224100E 252100N,52.139,-4.57
1991,4,10.6,5,0,77.3,149.9,N,Campbell Stokes recorder,N,224100E 252100N,52.139,-4.57
1991,5,12.6,7.6,0,9.4,192.2,N,Campbell Stokes recorder,N,224100E 252100N,52.139,-4.57
1991,6,14.3,9,0,42.6,167.7,N,Campbell Stokes recorder,N,224100E 252100N,52.139,-4.57
1991,7,19,13,0,79.9,169.9,N,Campbell Stokes recorder,N,224100E 252100N,52.139,-4.57
1991,8,19.5,12.8,0,26,208.8,N,Campbell Stokes recorder,N,224100E 252100N,52.139,-4.57
1991,9,18.2,11.6,0,55.6,184,N,Campbell Stokes recorder,N,224100E 252100N,52.139,-4.57
1991,10,12.6,8.1,0,142.4,85.5,N,Campbell Stokes recorder,N,224100E 252100N,52.139,-4.57
1991,11,9.7,5.4,0,99.6,29.9,N,Campbell Stokes recorder,N,224100E 252100N,52.139,-4.57
1991,12,7.9,3.8,4,17.7,33.9,N,Campbell Stokes recorder,N,224100E 252100N,52.139,-4.57
1992,1,7.3,2.1,13,47.3,80.8,N,Campbell Stokes recorder,N,224100E 252100N,52.139,-4.57
1992,2,8.6,4.4,0,55.5,59.5,N,Campbell Stokes recorder,N,224100E 252100N,52.139,-4.57
1992,3,9.6,4.9,0,66.8,59.2,N,Campbell Stokes recorder,N,224100E 252100N,52.139,-4.57
1992,4,11.2,5.4,0,69.5,127.2,N,Campbell Stokes recorder,N,224100E 252100N,52.139,-4.57
1992,5,16.6,9.1,0,43.8,245,N,Campbell Stokes recorder,N,224100E 252100N,52.139,-4.57
1992,6,17.6,11,0,49.6,212.8,N,Campbell Stokes recorder,N,224100E 252100N,52.139,-4.57
1992,7,17.8,12.4,0,60,166.2,N,Campbell Stokes recorder,N,224100E 252100N,52.139,-4.57
1992,8,16.6,11.3,0,149.3,170.9,N,Campbell Stokes recorder,N,224100E 252100N,52.139,-4.57
1992,9,15.2,10.3,0,74.6,116,N,Campbell Stokes recorder,N,224100E 252100N,52.139,-4.57
1992,10,10.6,6.7,0,77.6,84.1,N,Campbell Stokes recorder,N,224100E 252100N,52.139,-4.57
1992,11,10.5,5.9,0,109.6,50.2,N,Campbell Stokes recorder,N,224100E 252100N,52.139,-4.57
1992,12,7.2,2.6,5,109.9,74.6,N,Campbell Stokes recorder,N,224100E 252100N,52.139,-4.57
1993,1,8.9,3.8,1,93.4,28.6,N,Campbell Stokes recorder,N,224100E 252100N,52.139,-4.57
1993,2,7.3,3.7,1,23.5,44.1,N,Campbell Stokes recorder,N,224100E 252100N,52.139,-4.57
1993,3,8.8,4.4,0,24.6,101.7,N,Campbell Stokes recorder,N,224100E 252100N,52.139,-4.57
1993,4,11.8,6.5,0,57,158.5,N,Campbell Stokes recorder,N,224100E 252100N,52.139,-4.57
1993,5,13.8,7.8,0,108.4,195.1,N,Campbell Stokes recorder,N,224100E 252100N,52.139,-4.57
1993,6,15.9,10.6,0,190.6,182.4,N,Campbell Stokes recorder,N,224100E 252100N,52.139,-4.57
1993,7,16.6,11.6,0,74,191.2,N,Campbell Stokes recorder,N,224100E 252100N,52.139,-4.57
1993,8,16.6,10.9,0,47.8,185.6,N,Campbell Stokes recorder,N,224100E 252100N,52.139,-4.57
1993,9,15.2,9.9,0,66.8,136,N,Campbell Stokes recorder,N,224100E 252100N,52.139,-4.57
1993,10,11.1,6.1,0,45.6,135.8,N,Campbell Stokes recorder,N,224100E 252100N,52.139,-4.57
1993,11,8.1,3.1,6,112.9,72.2,N,Campbell Stokes recorder,N,224100E 252100N,52.139,-4.57
1993,12,8.5,4.2,1,142.6,28.6,N,Campbell Stokes recorder,N,224100E 252100N,52.139,-4.57
1994,1,8.1,3.6,1,106.5,59.1,N,Campbell Stokes recorder,N,224100E 252100N,52.139,-4.57
1994,2,6.4,1.7,6,87.2,61.5,N,Campbell Stokes recorder,N,224100E 252100N,52.139,-4.57
1994,3,9.5,5.3,0,114.8,104.4,N,Campbell Stokes recorder,N,224100E 252100N,52.139,-4.57
1994,4,10,4.8,0,73.8,172.2,N,Campbell Stokes recorder,N,224100E 252100N,52.139,-4.57
1994,5,13.5,7.4,0,41.3,185.1,N,Campbell Stokes recorder,N,224100E 252100N,52.139,-4.57
1994,6,16,9.9,0,28.2,183.3,N,Campbell Stokes recorder,N,224100E 252100N,52.139,-4.57
1994,7,18.8,12.2,0,54.6,206.2,N,Campbell Stokes recorder,N,224100E 252100N,52.139,-4.57
1994,8,17.7,12,0,80,186.4,N,Campbell Stokes recorder,N,224100E 252100N,52.139,-4.57
1994,9,14.7,10.1,0,115.8,109.3,N,Campbell Stokes recorder,N,224100E 252100N,52.139,-4.57
1994,10,13.6,8.5,0,91.8,141.9,N,Campbell Stokes recorder,N,224100E 252100N,52.139,-4.57
1994,11,12.2,8.8,0,99.6,43.7,N,Campbell Stokes recorder,N,224100E 252100N,52.139,-4.57
1994,12,9.8,5.2,2,157.4,51,N,Campbell Stokes recorder,N,224100E 252100N,52.139,-4.57
1995,1,8.4,3.5,2,145.6,36.9,N,Campbell Stokes recorder,N,224100E 252100N,52.139,-4.57
1995,2,9.2,4.5,0,109.1,44,N,Campbell Stokes recorder,N,224100E 252100N,52.139,-4.57
1995,3,8.3,2.8,4,64.7,149.9,N,Campbell Stokes recorder,N,224100E 252100N,52.139,-4.57
1995,4,10.8,5.5,2,26.6,183.8,N,Campbell Stokes recorder,N,224100E 252100N,52.139,-4.57
1995,5,14,7.7,0,50.2,204.9,N,Campbell Stokes recorder,N,224100E 252100N,52.139,-4.57
1995,6,16.5,10.6,0,13.4,260.2,N,Campbell Stokes recorder,N,224100E 252100N,52.139,-4.57
1995,7,21.1,13.9,0,36.9,227.8,N,Campbell Stokes recorder,N,224100E 252100N,52.139,-4.57
1995,8,22.4,14.9,0,7.8,292.1,N,Campbell Stokes recorder,N,224100E 252100N,52.139,-4.57
1995,9,15.9,11.2,0,77.2,158.4,N,Campbell Stokes recorder,N,224100E 252100N,52.139,-4.57
1995,10,15.5,10.8,0,86.8,120.2,N,Campbell Stokes recorder,N,224100E 252100N,52.139,-4.57
1995,11,10.7,5.8,0,117,80.2,N,Campbell Stokes recorder,N,224100E 252100N,52.139,-4.57
1995,12,6,1.8,9,93.5,67.6,N,Campbell Stokes recorder,N,224100E 252100N,52.139,-4.57
1996,1,6.9,3.4,8,75.1,50,N,Campbell Stokes recorder,N,224100E 252100N,52.139,-4.57
1996,2,6,1.1,13,67.4,115,N,Campbell Stokes recorder,N,224100E 252100N,52.139,-4.57
1996,3,7.7,3,3,44.8,94.1,N,Campbell Stokes recorder,N,224100E 252100N,52.139,-4.57
1996,4,11.1,4.9,0,58.2,151.2,N,Campbell Stokes recorder,N,224100E 252100N,52.139,-4.57
1996,5,11.8,5.4,0,69.4,250.7,N,Campbell Stokes recorder,N,224100E 252100N,52.139,-4.57
1996,6,15.7,9.8,0,26.8,252.5,N,Campbell Stokes recorder,N,224100E 252100N,52.139,-4.57
1996,7,17.8,12,0,28,222.2,N,Campbell Stokes recorder,N,224100E 252100N,52.139,-4.57
1996,8,17.9,12.2,0,53,183.1,N,Campbell Stokes recorder,N,224100E 252100N,52.139,-4.57
1996,9,17,10.6,0,30.4,204.9,N,Campbell Stokes recorder,N,224100E 252100N,52.139,-4.57
1996,10,14.1,10,0,107.2,82.7,N,Campbell Stokes recorder,N,224100E 252100N,52.139,-4.57
1996,11,9.4,5.1,0,100.6,59.9,N,Campbell Stokes recorder,N,224100E 252100N,52.139,-4.57
1996,12,6.3,1.6,8,32,83.8,N,Campbell Stokes recorder,N,224100E 252100N,52.139,-4.57
1997,1,5.8,1,13,4.6,95.7,N,Campbell Stokes recorder,N,224100E 252100N,52.139,-4.57
1997,2,9.2,4.2,0,85,68.1,N,Campbell Stokes recorder,N,224100E 252100N,52.139,-4.57
1997,3,10.8,5.6,0,21.6,146.9,N,Campbell Stokes recorder,N,224100E 252100N,52.139,-4.57
1997,4,12.3,6,0,14.8,184.5,N,Campbell Stokes recorder,N,224100E 252100N,52.139,-4.57
1997,5,14.7,7.9,0,72.6,258.1,N,Campbell Stokes recorder,N,224100E 252100N,52.139,-4.57
1997,6,15.8,10.5,0,125.8,134.4,N,Campbell Stokes recorder,N,224100E 252100N,52.139,-4.57
1997,7,18.2,11.9,0,58.6,228.9,N,Campbell Stokes recorder,N,224100E 252100N,52.139,-4.57
1997,8,20.2,14.1,0,105.2,156.8,N,Campbell Stokes recorder,N,224100E 252100N,52.139,-4.57
1997,9,16.7,11.3,0,54.2,145,N,Campbell Stokes recorder,N,224100E 252100N,52.139,-4.57
1997,10,14,8.4,0,65.4,121.6,N,Campbell Stokes recorder,N,224100E 252100N,52.139,-4.57
1997,11,11.3,7.4,0,219,48.8,N,Campbell Stokes recorder,N,224100E 252100N,52.139,-4.57
1997,12,9.1,4.7,2,64.8,50.1,N,Campbell Stokes recorder,N,224100E 252100N,52.139,-4.57
1998,1,8,3.5,7,125.2,69.8,N,Campbell Stokes recorder,N,224100E 252100N,52.139,-4.57
1998,2,9.9,5.5,1,18.2,78.5,N,Campbell Stokes recorder,N,224100E 252100N,52.139,-4.57
1998,3,10.1,6.1,0,87.6,80,N,Campbell Stokes recorder,N,224100E 252100N,52.139,-4.57
1998,4,10.2,4.6,1,111.4,177.2,N,Campbell Stokes recorder,N,224100E 252100N,52.139,-4.57
1998,5,14.6,9.3,0,15,233.6,N,Campbell Stokes recorder,N,224100E 252100N,52.139,-4.57
1998,6,16.1,10.6,0,120.2,178.5,N,Campbell Stokes recorder,N,224100E 252100N,52.139,-4.57
1998,7,16.4,12.1,0,39.4,144.3,N,Campbell Stokes recorder,N,224100E 252100N,52.139,-4.57
1998,8,17.9,12,0,43.4,207.3,N,Campbell Stokes recorder,N,224100E 252100N,52.139,-4.57
1998,9,17,12,0,91.2,135.2,N,Campbell Stokes recorder,N,224100E 252100N,52.139,-4.57
1998,10,13.4,8.9,0,124.2,91.6,N,Campbell Stokes recorder,N,224100E 252100N,52.139,-4.57
1998,11,9.7,5.6,0,103,69.9,N,Campbell Stokes recorder,N,224100E 252100N,52.139,-4.57
1998,12,9.1,3.9,5,91.6,32.8,N,Campbell Stokes recorder,N,224100E 252100N,52.139,-4.57
1999,1,8.7,3.8,5,143,55.1,N,Campbell Stokes recorder,N,224100E 252100N,52.139,-4.57
1999,2,8,4.1,2,48.6,63.5,N,Campbell Stokes recorder,N,224100E 252100N,52.139,-4.57
1999,3,9.4,4.8,0,59.2,101.6,N,Campbell Stokes recorder,N,224100E 252100N,52.139,-4.57
1999,4,11.5,6.4,0,63.1,163.5,N,Campbell Stokes recorder,N,224100E 252100N,52.139,-4.57
1999,5,14.8,9.3,0,42.6,153.8,N,Campbell Stokes recorder,N,224100E 252100N,52.139,-4.57
1999,6,15.6,10,0,59.4,199.9,N,Campbell Stokes recorder,N,224100E 252100N,52.139,-4.57
1999,7,19.7,13,0,14.6,233.4,N,Campbell Stokes recorder,N,224100E 252100N,52.139,-4.57
1999,8,18.7,12.6,0,126.8,191.4,N,Campbell Stokes recorder,N,224100E 252100N,52.139,-4.57
1999,9,17.5,11.4,0,101.8,140.4,N,Campbell Stokes recorder,N,224100E 252100N,52.139,-4.57
1999,10,13.7,8.7,0,84.8,118.5,N,Campbell Stokes recorder,N,224100E 252100N,52.139,-4.57
1999,11,10.6,6.6,1,74.2,66.4,N,Campbell Stokes recorder,N,224100E 252100N,52.139,-4.57
1999,12,8.5,4.2,3,136.4,42.1,N,Campbell Stokes recorder,N,224100E 252100N,52.139,-4.57
2000,1,7.8,3.6,3,54.4,51.9,N,Campbell Stokes recorder,N,224100E 252100N,52.139,-4.57
2000,2,8.6,4.3,1,107,96.3,N,Campbell Stokes recorder,N,224100E 252100N,52.139,-4.57
2000,3,9.3,4.7,0,28.8,138.5,N,Campbell Stokes recorder,N,224100E 252100N,52.139,-4.57
2000,4,10.3,4.2,0,87.6,159.9,N,Campbell Stokes recorder,N,224100E 252100N,52.139,-4.57
2000,5,14.4,8.3,0,58.4,230.9,N,Campbell Stokes recorder,N,224100E 252100N,52.139,-4.57
2000,6,16.9,10.7,0,53.8,194.7,N,Campbell Stokes recorder,N,224100E 252100N,52.139,-4.57
2000,7,17.5,11.8,0,75.2,218.4,N,Campbell Stokes recorder,N,224100E 252100N,52.139,-4.57
2000,8,18.5,12.3,0,59.4,186.2,N,Campbell Stokes recorder,N,224100E 252100N,52.139,-4.57
2000,9,17.1,11.4,0,95.4,112,N,Campbell Stokes recorder,N,224100E 252100N,52.139,-4.57
2000,10,12.9,8,0,195,84.2,N,Campbell Stokes recorder,N,224100E 252100N,52.139,-4.57
2000,11,9.5,5.3,0,151.8,44.4,N,Campbell Stokes recorder,N,224100E 252100N,52.139,-4.57
2000,12,8.4,4.1,5,143.8,42.7,N,Campbell Stokes recorder,N,224100E 252100N,52.139,-4.57
2001,1,6.8,2.2,5,56.4,86.8,N,Campbell Stokes recorder,N,224100E 252100N,52.139,-4.57
2001,2,7.6,2.7,5,91,95.7,N,Campbell Stokes recorder,N,224100E 252100N,52.139,-4.57
2001,3,8.3,2.9,6,77,105.9,N,Campbell Stokes recorder,N,224100E 252100N,52.139,-4.57
2001,4,9.9,4.8,0,76,152.5,Y,Campbell Stokes recorder,N,224100E 252100N,52.139,-4.57
2001,5,15.4,8.6,0,44.4,236.8,Y,Campbell Stokes recorder,N,224100E 252100N,52.139,-4.57
2001,6,16.6,10.2,0,28,194.1,Y,Campbell Stokes recorder,N,224100E 252100N,52.139,-4.57
2001,7,17.4,11.9,0,98.6,181,Y,Campbell Stokes recorder,N,224100E 252100N,52.139,-4.57
2001,8,17.9,12.6,0,97.6,166.7,N, Kipp & Zonen sensor,N,224100E 252100N,52.139,-4.57
2001,9,15.6,11.5,0,54.2,127.8,N, Kipp & Zonen sensor,N,224100E 252100N,52.139,-4.57
2001,10,15.1,10.5,0,147.4,110.2,N, Kipp & Zonen sensor,N,224100E 252100N,52.139,-4.57
2001,11,11.1,6.7,0,87.8,38.2,N, Kipp & Zonen sensor,N,224100E 252100N,52.139,-4.57
2001,12,7.8,2.5,6,41,81.9,N, Kipp & Zonen sensor,N,224100E 252100N,52.139,-4.57
2002,1,9.2,4.1,4,113,53.5,N, Kipp & Zonen sensor,N,224100E 252100N,52.139,-4.57
2002,2,9.6,4.6,1,111.2,70,N, Kipp & Zonen sensor,N,224100E 252100N,52.139,-4.57
2002,3,10.6,5.1,0,48.8,124.1,N, Kipp & Zonen sensor,N,224100E 252100N,52.139,-4.57
2002,4,11.6,5.6,0,56.8,175.3,N, Kipp & Zonen sensor,N,224100E 252100N,52.139,-4.57
2002,5,13.9,8.1,0,120.6,205.3,N, Kipp & Zonen sensor,N,224100E 252100N,52.139,-4.57
2002,6,15.5,10.1,0,50.2,0,N, Kipp & Zonen sensor,N,224100E 252100N,52.139,-4.57
2002,7,16.9,11.7,0,46,145.1,N, Kipp & Zonen sensor,N,224100E 252100N,52.139,-4.57
2002,8,17.4,12.6,0,56.6,152,N, Kipp & Zonen sensor,N,224100E 252100N,52.139,-4.57
2002,9,17.3,10.9,0,43,188.7,N, Kipp & Zonen sensor,N,224100E 252100N,52.139,-4.57
2002,10,13.3,8.4,0,141.4,90.6,N, Kipp & Zonen sensor,N,224100E 252100N,52.139,-4.57
2002,11,11.3,7.6,0,180.2,40.1,N, Kipp & Zonen sensor,N,224100E 252100N,52.139,-4.57
2002,12,8.2,4.9,0,84.8,46.4,N, Kipp & Zonen sensor,N,224100E 252100N,52.139,-4.57
2003,1,7.4,3.2,9,57.6,84.3,N, Kipp & Zonen sensor,N,224100E 252100N,52.139,-4.57
2003,2,7.4,2.3,7,27.6,107.9,N, Kipp & Zonen sensor,N,224100E 252100N,52.139,-4.57
2003,3,11.3,4.8,0,46.4,192,N, Kipp & Zonen sensor,N,224100E 252100N,52.139,-4.57
2003,4,13.7,6.5,0,36.8,194.9,N, Kipp & Zonen sensor,N,224100E 252100N,52.139,-4.57
2003,5,13.7,8,0,51.6,173.9,N, Kipp & Zonen sensor,N,224100E 252100N,52.139,-4.57
2003,6,17.8,11.1,0,46.8,211.4,N, Kipp & Zonen sensor,N,224100E 252100N,52.139,-4.57
2003,7,19.1,13.1,0,71.8,144.7,N, Kipp & Zonen sensor,N,224100E 252100N,52.139,-4.57
2003,8,19.7,13.8,0,25.4,204.2,N, Kipp & Zonen sensor,N,224100E 252100N,52.139,-4.57
2003,9,17.3,10.7,0,62.8,149,N, Kipp & Zonen sensor,N,224100E 252100N,52.139,-4.57
2003,10,12.4,7,0,78.8,121,N, Kipp & Zonen sensor,N,224100E 252100N,52.139,-4.57
2003,11,11.1,6.5,0,111.4,73.3,N, Kipp & Zonen sensor,N,224100E 252100N,52.139,-4.57
2003,12,8.4,3.8,3,91.2,56.1,N, Kipp & Zonen sensor,N,224100E 252100N,52.139,-4.57
2004,1,8.2,3.8,1,99,49,N, Kipp & Zonen sensor,N,224100E 252100N,52.139,-4.57
2004,2,7.6,3.8,2,48.4,99,N, Kipp & Zonen sensor,N,224100E 252100N,52.139,-4.57
2004,3,9.5,3.9,4,30.4,154.1,N, Kipp & Zonen sensor,N,224100E 252100N,52.139,-4.57
2004,4,10.8,6.2,0,50.4,118.7,N, Kipp & Zonen sensor,N,224100E 252100N,52.139,-4.57
2004,5,13.9,8.1,0,36.2,0,N, Kipp & Zonen sensor,N,224100E 252100N,52.139,-4.57
2004,6,17.6,11.5,0,25.8,210.3,N, Kipp & Zonen sensor,N,224100E 252100N,52.139,-4.57
2004,7,17,11.7,0,46.9,165.4,N, Kipp & Zonen sensor,N,224100E 252100N,52.139,-4.57
2004,8,19.1,13.6,0,160,144.3,N, Kipp & Zonen sensor,N,224100E 252100N,52.139,-4.57
2004,9,16.9,12,0,81.8,132.3,N, Kipp & Zonen sensor,N,224100E 252100N,52.139,-4.57
2004,10,12.9,8.2,0,168.8,104.5,N, Kipp & Zonen sensor,N,224100E 252100N,52.139,-4.57
2004,11,10.5,7.5,0,56.2,43.6,N, Kipp & Zonen sensor,N,224100E 252100N,52.139,-4.57
2004,12,9.1,4.8,1,89.6,49.3,N, Kipp & Zonen sensor,N,224100E 252100N,52.139,-4.57
2005,1,8.8,5,0,53.4,53.4,N, Kipp & Zonen sensor,N,224100E 252100N,52.139,-4.57
2005,2,6.8,2.7,2,44.8,74.3,N, Kipp & Zonen sensor,N,224100E 252100N,52.139,-4.57
2005,3,10,5.4,2,25.6,88.5,N, Kipp & Zonen sensor,N,224100E 252100N,52.139,-4.57
2005,4,11.7,5.7,0,83.2,158.5,N, Kipp & Zonen sensor,N,224100E 252100N,52.139,-4.57
2005,5,13.6,7.6,0,30.2,225.1,N, Kipp & Zonen sensor,N,224100E 252100N,52.139,-4.57
2005,6,17.2,11.6,0,29.6,185.3,N, Kipp & Zonen sensor,N,224100E 252100N,52.139,-4.57
2005,7,18.4,12.8,0,77.8,175.4,N, Kipp & Zonen sensor,N,224100E 252100N,52.139,-4.57
2005,8,18.2,12.3,0,40.2,225.7,N, Kipp & Zonen sensor,N,224100E 252100N,52.139,-4.57
2005,9,17.4,11.7,0,58.2,147.3,N, Kipp & Zonen sensor,N,224100E 252100N,52.139,-4.57
2005,10,14.6,10.6,0,194.4,81.2,N, Kipp & Zonen sensor,N,224100E 252100N,52.139,-4.57
2005,11,10.3,4.8,1,128.2,81.9,N, Kipp & Zonen sensor,N,224100E 252100N,52.139,-4.57
2005,12,8.3,4,5,57.2,48.2,N, Kipp & Zonen sensor,N,224100E 252100N,52.139,-4.57
2006,1,7,2.8,6,30.2,92.5,N, Kipp & Zonen sensor,N,224100E 252100N,52.139,-4.57
2006,2,6.5,2.2,6,50.8,74.6,N, Kipp & Zonen sensor,N,224100E 252100N,52.139,-4.57
2006,3,7.9,2.9,5,79.6,106,N, Kipp & Zonen sensor,N,224100E 252100N,52.139,-4.57
2006,4,10.5,5.8,0,39.2,185.4,N, Kipp & Zonen sensor,N,224100E 252100N,52.139,-4.57
2006,5,13.9,8.1,0,118.6,159.5,N, Kipp & Zonen sensor,N,224100E 252100N,52.139,-4.57
2006,6,18,11.3,0,19,254.4,N, Kipp & Zonen sensor,N,224100E 252100N,52.139,-4.57
2006,7,21.2,13.7,0,32.8,236.6,N, Kipp & Zonen sensor,N,224100E 252100N,52.139,-4.57
2006,8,17.1,12.9,0,68,123.5,N, Kipp & Zonen sensor,N,224100E 252100N,52.139,-4.57
2006,9,18.7,13,0,53.6,160.9,N, Kipp & Zonen sensor,N,224100E 252100N,52.139,-4.57
2006,10,15.1,10.6,0,81.8,108.5,N, Kipp & Zonen sensor,N,224100E 252100N,52.139,-4.57
2006,11,11.3,6.1,0,132.2,94.2,N, Kipp & Zonen sensor,N,224100E 252100N,52.139,-4.57
2006,12,9.3,5.3,3,153.8,44.2,N, Kipp & Zonen sensor,N,224100E 252100N,52.139,-4.57
2007,1,9.5,5.5,0,94.8,57.5,N, Kipp & Zonen sensor,N,224100E 252100N,52.139,-4.57
2007,2,8.8,4,2,91.9,87.6,N, Kipp & Zonen sensor,N,224100E 252100N,52.139,-4.57
2007,3,9.5,4.4,0,69,151.6,N, Kipp & Zonen sensor,N,224100E 252100N,52.139,-4.57
2007,4,13.8,7.4,0,9.8,235.1,N, Kipp & Zonen sensor,N,224100E 252100N,52.139,-4.57
2007,5,14.3,8.5,0,81.8,216.8,N, Kipp & Zonen sensor,N,224100E 252100N,52.139,-4.57
2007,6,16.9,11.6,0,92.1,158.2,N, Kipp & Zonen sensor,N,224100E 252100N,52.139,-4.57
2007,7,16.7,11.8,0,155.2,181.2,N, Kipp & Zonen sensor,N,224100E 252100N,52.139,-4.57
2007,8,17,12.3,0,59.4,175.1,N, Kipp & Zonen sensor,N,224100E 252100N,52.139,-4.57
2007,9,16.1,11.6,0,57.4,147.8,N, Kipp & Zonen sensor,N,224100E 252100N,52.139,-4.57
2007,10,14,9.2,0,28.8,117.7,N, Kipp & Zonen sensor,N,224100E 252100N,52.139,-4.57
2007,11,10.8,6.8,1,48.6,52.9,N, Kipp & Zonen sensor,N,224100E 252100N,52.139,-4.57
2007,12,8.7,3.6,7,103.6,74.4,N, Kipp & Zonen sensor,N,224100E 252100N,52.139,-4.57
2008,1,9.4,4.7,1,140,54.7,N, Kipp & Zonen sensor,N,224100E 252100N,52.139,-4.57
2008,2,9.5,3.3,3,44.4,133.1,N, Kipp & Zonen sensor,N,224100E 252100N,52.139,-4.57
2008,3,8.7,4.4,0,75.8,118.8,N, Kipp & Zonen sensor,N,224100E 252100N,52.139,-4.57
2008,4,10.7,4.9,2,79.4,184.5,N, Kipp & Zonen sensor,N,224100E 252100N,52.139,-4.57
2008,5,16.5,9.6,0,63.9,194.9,N, Kipp & Zonen sensor,N,224100E 252100N,52.139,-4.57
2008,6,15.8,10.1,0,60.5,234.2,N, Kipp & Zonen sensor,N,224100E 252100N,52.139,-4.57
2008,7,17.9,12.5,0,84.4,177.2,N, Kipp & Zonen sensor,N,224100E 252100N,52.139,-4.57
2008,8,17.6,13,0,102.8,94.4,N, Kipp & Zonen sensor,N,224100E 252100N,52.139,-4.57
2008,9,15.9,10.2,0,72.6,139,N, Kipp & Zonen sensor,N,224100E 252100N,52.139,-4.57
2008,10,12.4,8.4,0,153.6,101.6,N, Kipp & Zonen sensor,N,224100E 252100N,52.139,-4.57
2008,11,9.7,6.3,1,80.3,66.1,N, Kipp & Zonen sensor,N,224100E 252100N,52.139,-4.57
2008,12,7.4,3.1,6,67.6,73.6,N, Kipp & Zonen sensor,N,224100E 252100N,52.139,-4.57
2009,1,6.8,1.4,9,113,90.9,N, Kipp & Zonen sensor,N,224100E 252100N,52.139,-4.57
2009,2,6.7,2.7,7,23.6,56.2,N, Kipp & Zonen sensor,N,224100E 252100N,52.139,-4.57
2009,3,9.6,4.2,1,34.6,151,N, Kipp & Zonen sensor,N,224100E 252100N,52.139,-4.57
2009,4,12,6,0,60.2,178.6,N, Kipp & Zonen sensor,N,224100E 252100N,52.139,-4.57
2009,5,14.3,8,0,70.8,204.1,N, Kipp & Zonen sensor,N,224100E 252100N,52.139,-4.57
2009,6,17.7,10.9,0,59.8,221.9,N, Kipp & Zonen sensor,N,224100E 252100N,52.139,-4.57
2009,7,18,12.6,0,154.8,156.8,N, Kipp & Zonen sensor,N,224100E 252100N,52.139,-4.57
2009,8,18.3,12.5,0,59.4,159.7,N, Kipp & Zonen sensor,N,224100E 252100N,52.139,-4.57
2009,9,15.9,11,0,22.8,145.1,N, Kipp & Zonen sensor,N,224100E 252100N,52.139,-4.57
2009,10,14.3,9.6,0,82.4,78.9,N, Kipp & Zonen sensor,N,224100E 252100N,52.139,-4.57
2009,11,11.1,6.6,0,203.8,44.5,N, Kipp & Zonen sensor,N,224100E 252100N,52.139,-4.57
2009,12,6.9,2.4,5,124.8,67.7,N, Kipp & Zonen sensor,N,224100E 252100N,52.139,-4.57
2010,1,5.1,0.9,11,55.4,86.1,N, Kipp & Zonen sensor,N,224100E 252100N,52.139,-4.57
2010,2,5.9,1.4,6,38.1,100.8,N, Kipp & Zonen sensor,N,224100E 252100N,52.139,-4.57
2010,3,8.5,3,4,64.8,147.3,N, Kipp & Zonen sensor,N,224100E 252100N,52.139,-4.57
2010,4,11.6,5.3,0,30.4,215.5,N, Kipp & Zonen sensor,N,224100E 252100N,52.139,-4.57
2010,5,13.2,7.6,0,58.6,239.8,N, Kipp & Zonen sensor,N,224100E 252100N,52.139,-4.57
2010,6,17.6,10.6,0,23.2,259.3,N, Kipp & Zonen sensor,N,224100E 252100N,52.139,-4.57
2010,7,18.1,13,0,122.2,115.4,N, Kipp & Zonen sensor,N,224100E 252100N,52.139,-4.57
2010,8,16.9,12.2,0,34.2,153.5,N, Kipp & Zonen sensor,N,224100E 252100N,52.139,-4.57
2010,9,16.6,11.5,0,62.3,143.2,N, Kipp & Zonen sensor,N,224100E 252100N,52.139,-4.57
2010,10,13.7,8.2,0,93.8,139.7,N, Kipp & Zonen sensor,N,224100E 252100N,52.139,-4.57
2010,11,8.8,4,5,108,78.6,N, Kipp & Zonen sensor,N,224100E 252100N,52.139,-4.57
2010,12,4.5,-0.1,17,22.8,79.1,N, Kipp & Zonen sensor,N,224100E 252100N,52.139,-4.57
2011,1,6.5,2.1,9,91.6,80.5,N, Kipp & Zonen sensor,N,224100E 252100N,52.139,-4.57
2011,2,9.2,4.7,1,52.2,68.4,N, Kipp & Zonen sensor,N,224100E 252100N,52.139,-4.57
2011,3,9.6,3.5,5,24.2,193.8,N, Kipp & Zonen sensor,N,224100E 252100N,52.139,-4.57
2011,4,14.6,8,0,19.2,223.4,N, Kipp & Zonen sensor,N,224100E 252100N,52.139,-4.57
2011,5,15,8.8,0,44.4,194.4,N, Kipp & Zonen sensor,N,224100E 252100N,52.139,-4.57
2011,6,15.8,9.9,0,51.2,234.1,N, Kipp & Zonen sensor,N,224100E 252100N,52.139,-4.57
2011,7,17.3,11.5,0,50,206.3,N, Kipp & Zonen sensor,N,224100E 252100N,52.139,-4.57
2011,8,17.5,11.8,0,64,141.6,N, Kipp & Zonen sensor,N,224100E 252100N,52.139,-4.57
2011,9,17,12,0,62.2,126.5,N, Kipp & Zonen sensor,N,224100E 252100N,52.139,-4.57
2011,10,14.8,10.5,0,85.2,72.9,N, Kipp & Zonen sensor,N,224100E 252100N,52.139,-4.57
2011,11,12.6,8.1,0,66,73.4,N, Kipp & Zonen sensor,N,224100E 252100N,52.139,-4.57
2011,12,9.3,5.5,0,126.4,25,N, Kipp & Zonen sensor,N,224100E 252100N,52.139,-4.57
2012,1,8.4,4.9,0,64.6,59.6,N, Kipp & Zonen sensor,N,224100E 252100N,52.139,-4.57
2012,2,7.5,2.8,10,38.2,68,N, Kipp & Zonen sensor,N,224100E 252100N,52.139,-4.57
2012,3,11.6,5.9,0,23.8,166.1,N, Kipp & Zonen sensor,N,224100E 252100N,52.139,-4.57
2012,4,9.8,4.6,1,93,113.2,N, Kipp & Zonen sensor,N,224100E 252100N,52.139,-4.57
2012,5,14.3,8.2,0,57.4,213.8,N, Kipp & Zonen sensor,N,224100E 252100N,52.139,-4.57
2012,6,15.7,10.6,0,148,143.9,N, Kipp & Zonen sensor,N,224100E 252100N,52.139,-4.57
2012,7,16.6,11.7,0,76.2,139.4,N, Kipp & Zonen sensor,N,224100E 252100N,52.139,-4.57
2012,8,18.4,13.4,0,100.2,141.1,N, Kipp & Zonen sensor,N,224100E 252100N,52.139,-4.57
2012,9,15.3,10.2,0,86.8,137.9,N, Kipp & Zonen sensor,N,224100E 252100N,52.139,-4.57
2012,10,12.7,8.2,0,135.6,98.6,N, Kipp & Zonen sensor,N,224100E 252100N,52.139,-4.57
2012,11,9.6,4.9,1,160.4,60.4,N, Kipp & Zonen sensor,N,224100E 252100N,52.139,-4.57
2012,12,8.4,4.2,4,168.6,53.4,N, Kipp & Zonen sensor,N,224100E 252100N,52.139,-4.57
2013,1,6.8,3.1,10,74.1,47.4,N, Kipp & Zonen sensor,N,224100E 252100N,52.139,-4.57
2013,2,6.7,2,4,60.4,90.5,N, Kipp & Zonen sensor,N,224100E 252100N,52.139,-4.57
2013,3,6.6,1,13,40,127.3,N, Kipp & Zonen sensor,N,224100E 252100N,52.139,-4.57
2013,4,10.3,4.3,5,33.4,184.2,N, Kipp & Zonen sensor,N,224100E 252100N,52.139,-4.57
2013,5,12.2,6.4,0,60.8,196.9,N, Kipp & Zonen sensor,N,224100E 252100N,52.139,-4.57
2013,6,15.9,9.9,0,45,217.9,N, Kipp & Zonen sensor,N,224100E 252100N,52.139,-4.57
2013,7,20.7,13.6,0,36,291.5,N, Kipp & Zonen sensor,N,224100E 252100N,52.139,-4.57
2013,8,18.6,13.2,0,73.4,152.7,N, Kipp & Zonen sensor,N,224100E 252100N,52.139,-4.57
2013,9,16.8,11.6,0,61.8,96.7,N, Kipp & Zonen sensor,N,224100E 252100N,52.139,-4.57
2013,10,14.8,10.9,0,137.4,71.3,N, Kipp & Zonen sensor,N,224100E 252100N,52.139,-4.57
2013,11,10,5.7,0,89.8,54.5,N, Kipp & Zonen sensor,N,224100E 252100N,52.139,-4.57
2013,12,9.6,4.8,0,161.4,40,N, Kipp & Zonen sensor,N,224100E 252100N,52.139,-4.57
2014,1,8.4,4,0,195.4,28.8,N, Kipp & Zonen sensor,N,224100E 252100N,52.139,-4.57
2014,2,8.3,3.8,0,171.6,73.8,N, Kipp & Zonen sensor,N,224100E 252100N,52.139,-4.57
2014,3,10.5,4.4,0,48.8,131,N, Kipp & Zonen sensor,N,224100E 252100N,52.139,-4.57
2014,4,12.7,6.9,0,55.8,160.1,N, Kipp & Zonen sensor,N,224100E 252100N,52.139,-4.57
2014,5,14.3,8.9,0,63.4,144.1,N, Kipp & Zonen sensor,N,224100E 252100N,52.139,-4.57
2014,6,17.1,11.1,0,54.8,253.3,N, Kipp & Zonen sensor,N,224100E 252100N,52.139,-4.57
2014,7,19.3,13.4,0,20.2,205.8,N, Kipp & Zonen sensor,N,224100E 252100N,52.139,-4.57
2014,8,17.5,12.2,0,106.8,169.2,N, Kipp & Zonen sensor,N,224100E 252100N,52.139,-4.57
2014,9,18.3,11.9,0,12.6,174.2,N, Kipp & Zonen sensor,N,224100E 252100N,52.139,-4.57
2014,10,14.7,10.1,0,110.6,76.8,N, Kipp & Zonen sensor,N,224100E 252100N,52.139,-4.57
2014,11,11.2,6.4,0,122.8,80.6,N, Kipp & Zonen sensor,N,224100E 252100N,52.139,-4.57
2014,12,8.9,4.9,1,83.2,46.1,N, Kipp & Zonen sensor,N,224100E 252100N,52.139,-4.57
2015,1,7.7,3.5,2,97.6,45.3,N, Kipp & Zonen sensor,N,224100E 252100N,52.139,-4.57
2015,2,6.9,2.5,5,59,69.5,N, Kipp & Zonen sensor,N,224100E 252100N,52.139,-4.57
2015,3,8.8,3.8,0,54,137.8,N, Kipp & Zonen sensor,N,224100E 252100N,52.139,-4.57
2015,4,12.8,5.4,0,26.2,221.5,N, Kipp & Zonen sensor,N,224100E 252100N,52.139,-4.57
2015,5,12.9,7.7,0,82.4,163.6,N, Kipp & Zonen sensor,N,224100E 252100N,52.139,-4.57
2015,6,16.7,10.2,0,39,226.7,N, Kipp & Zonen sensor,N,224100E 252100N,52.139,-4.57
2015,7,17.8,12.1,0,97,168.2,N, Kipp & Zonen sensor,N,224100E 252100N,52.139,-4.57
2015,8,17.6,11.7,0,77.8,158.7,N, Kipp & Zonen sensor,N,224100E 252100N,52.139,-4.57
2015,9,16,10.2,0,51.8,153.9,N, Kipp & Zonen sensor,N,224100E 252100N,52.139,-4.57
2015,10,13.9,8.8,0,75,99.2,N, Kipp & Zonen sensor,N,224100E 252100N,52.139,-4.57
2015,11,12.6,7.7,0,148,32.7,N, Kipp & Zonen sensor,N,224100E 252100N,52.139,-4.57
2015,12,11.8,7.7,0,210.4,21.1,N, Kipp & Zonen sensor,N,224100E 252100N,52.139,-4.57
2016,1,8.9,4.5,0,146,25.5,N, Kipp & Zonen sensor,N,224100E 252100N,52.139,-4.57
2016,2,7.8,3.5,2,85.6,64.4,N, Kipp & Zonen sensor,N,224100E 252100N,52.139,-4.57
2016,3,8.7,3.5,0,64.4,129.5,N, Kipp & Zonen sensor,N,224100E 252100N,52.139,-4.57
2016,4,10.2,4.9,0,52.2,143.9,N, Kipp & Zonen sensor,N,224100E 252100N,52.139,-4.57
2016,5,15.2,8.8,0,56.4,190.9,N, Kipp & Zonen sensor,N,224100E 252100N,52.139,-4.57
2016,6,17,11.7,0,75.8,149.9,N, Kipp & Zonen sensor,N,224100E 252100N,52.139,-4.57
2016,7,18.3,12.9,0,50.4,140.4,N, Kipp & Zonen sensor,N,224100E 252100N,52.139,-4.57
2016,8,18.9,13.2,0,41.4,150.4,N, Kipp & Zonen sensor,N,224100E 252100N,52.139,-4.57
2016,9,17.9,12.2,0,98.8,103.4,N, Kipp & Zonen sensor,N,224100E 252100N,52.139,-4.57
2016,10,14.1,8.6,0,40.2,135.4,N, Kipp & Zonen sensor,N,224100E 252100N,52.139,-4.57
2016,11,9.4,5.4,1,76.6,73.7,N, Kipp & Zonen sensor,N,224100E 252100N,52.139,-4.57
2016,12,10,5.4,1,54.2,46.5,N, Kipp & Zonen sensor,N,224100E 252100N,52.139,-4.57
2017,1,7.9,3.9,2,55.2,60.5,N, Kipp & Zonen sensor,N,224100E 252100N,52.139,-4.57
2017,2,8.8,4.6,1,75.4,51.5,N, Kipp & Zonen sensor,N,224100E 252100N,52.139,-4.57
2017,3,11.1,5.5,0,110.8,96.2,N, Kipp & Zonen sensor,N,224100E 252100N,52.139,-4.57
2017,4,11.5,6.6,0,16.6,158.6,N, Kipp & Zonen sensor,N,224100E 252100N,52.139,-4.57
2017,5,16.2,9.4,0,32.4,224.3,N, Kipp & Zonen sensor,N,224100E 252100N,52.139,-4.57
2017,6,17.8,11.8,0,105.4,171.6,N, Kipp & Zonen sensor,N,224100E 252100N,52.139,-4.57
2017,7,18.3,12.6,0,85.6,165.2,N, Kipp & Zonen sensor,N,224100E 252100N,52.139,-4.57
2017,8,17.6,12,0,99,142.7,N, Kipp & Zonen sensor,N,224100E 252100N,52.139,-4.57
2017,9,15.9,11,0,145,90.2,N, Kipp & Zonen sensor,N,224100E 252100N,52.139,-4.57
2017,10,14.6,10.5,0,29.8,57.8,N, Kipp & Zonen sensor,N,224100E 252100N,52.139,-4.57
2017,11,10.7,6.6,0,130.2,38.8,N, Kipp & Zonen sensor,N,224100E 252100N,52.139,-4.57
2017,12,8.6,4.9,1,123,32.4,N, Kipp & Zonen sensor,N,224100E 252100N,52.139,-4.57
2018,1,8.4,3.8,0,117.2,53.5,N, Kipp & Zonen sensor,N,224100E 252100N,52.139,-4.57
2018,2,6.3,1.3,10,48.6,91.3,N, Kipp & Zonen sensor,N,224100E 252100N,52.139,-4.57
2018,3,7.7,2.3,6,97,100.6,N, Kipp & Zonen sensor,N,224100E 252100N,52.139,-4.57
2018,4,12.1,6.4,0,70.6,152.2,N, Kipp & Zonen sensor,N,224100E 252100N,52.139,-4.57
2018,5,15.3,8.1,0,33.4,219.4,N, Kipp & Zonen sensor,N,224100E 252100N,52.139,-4.57
2018,6,19.1,12.4,0,10.2,270.2,N, Kipp & Zonen sensor,N,224100E 252100N,52.139,-4.57
2018,7,20.3,13.4,0,58.6,244.8,N, Kipp & Zonen sensor,N,224100E 252100N,52.139,-4.57
2018,8,18.5,12.6,0,63.8,128.5,N, Kipp & Zonen sensor,N,224100E 252100N,52.139,-4.57
2018,9,16,10.8,0,94,132.5,N, Kipp & Zonen sensor,N,224100E 252100N,52.139,-4.57
2018,10,13.5,8.5,0,131.6,107.7,N, Kipp & Zonen sensor,N,224100E 252100N,52.139,-4.57
2018,11,10.9,6.3,0,154,81.8,N, Kipp & Zonen sensor,N,224100E 252100N,52.139,-4.57
2018,12,9.9,6.3,0,125.2,11.3,N, Kipp & Zonen sensor,Y,224100E 252100N,52.139,-4.57
2019,1,7.3,3.8,3,53.8,31.9,N, Kipp & Zonen sensor,Y,224100E 252100N,52.139,-4.57
2019,2,11,5,1,52.8,110.5,N, Kipp & Zonen sensor,Y,224100E 252100N,52.139,-4.57
2019,3,10.1,5.1,0,83,121.4,N, Kipp & Zonen sensor,Y,224100E 252100N,52.139,-4.57
2019,4,13.3,6.4,0,74.4,145.8,N, Kipp & Zonen sensor,Y,224100E 252100N,52.139,-4.57
2019,5,14.2,7.9,0,15,224.1,N, Kipp & Zonen sensor,Y,224100E 252100N,52.139,-4.57
2019,6,16.3,10.6,0,138.2,165.6,N, Kipp & Zonen sensor,Y,224100E 252100N,52.139,-4.57
2019,7,19.2,13.2,0,21.6,208.9,N, Kipp & Zonen sensor,Y,224100E 252100N,52.139,-4.57
2019,8,19.4,13.4,0,69.4,192.4,N, Kipp & Zonen sensor,Y,224100E 252100N,52.139,-4.57
